entryH,SL,TP,maxHold,n,skipped,winRate,avgPnL,medPnL,se,t,tpCount,slCount,timeoutCount,timeoutWin,timeoutLoss,timeoutRate,bothTouched
6,10,3,3,826,0,73.73,-0.172,2.960,0.188,-0.92,600,182,44,9,35,5.3,15
6,10,3,7,826,0,73.61,-0.236,2.960,0.191,-1.24,605,190,31,3,28,3.8,15
6,10,3,14,826,0,74.46,-0.259,2.960,0.193,-1.34,612,197,17,3,14,2.1,15
6,10,5,3,826,0,66.22,0.228,4.960,0.232,0.98,522,230,74,25,49,9.0,10
6,10,5,7,826,0,66.10,0.128,4.960,0.237,0.54,535,244,47,11,36,5.7,10
6,10,5,14,826,0,66.95,0.122,4.960,0.240,0.51,541,252,33,12,21,4.0,10
6,10,8,3,826,0,59.69,0.849,7.960,0.286,2.97,436,271,119,57,62,14.4,6
6,10,8,7,826,0,58.84,0.771,7.960,0.295,2.61,460,294,72,26,46,8.7,6
6,10,8,14,826,0,59.93,0.825,7.960,0.299,2.76,475,305,46,20,26,5.6,6
6,10,10,3,826,0,55.21,0.916,3.052,0.318,2.88,375,302,149,81,68,18.0,5
6,10,10,7,826,0,54.36,0.940,8.905,0.331,2.84,413,328,85,36,49,10.3,5
6,10,10,14,826,0,55.33,1.028,9.960,0.337,3.05,431,342,53,26,27,6.4,5
6,10,15,3,826,0,48.91,1.180,-0.504,0.384,3.07,272,352,202,132,70,24.5,2
6,10,15,7,826,0,46.61,1.227,-3.335,0.405,3.03,316,387,123,69,54,14.9,2
6,10,15,14,826,0,47.09,1.354,-5.674,0.415,3.26,337,407,82,52,30,9.9,2
6,10,20,3,826,0,44.92,1.189,-3.030,0.431,2.76,193,381,252,178,74,30.5,0
6,10,20,7,826,0,42.25,1.474,-10.040,0.465,3.17,247,423,156,102,54,18.9,0
6,10,20,14,826,0,41.77,1.520,-10.040,0.479,3.17,268,451,107,77,30,13.0,0
6,10,30,3,826,0,42.86,1.445,-4.207,0.487,2.97,90,398,338,264,74,40.9,0
6,10,30,7,826,0,38.62,1.945,-10.040,0.550,3.54,148,451,227,171,56,27.5,0
6,10,30,14,826,0,37.29,2.240,-10.040,0.582,3.85,183,486,157,125,32,19.0,0
6,15,3,3,826,0,79.42,-0.158,2.960,0.226,-0.70,647,123,56,9,47,6.8,11
6,15,3,7,826,0,79.90,-0.196,2.960,0.230,-0.85,656,131,39,4,35,4.7,11
6,15,3,14,826,0,81.36,-0.161,2.960,0.232,-0.69,667,134,25,5,20,3.0,11
6,15,5,3,826,0,71.91,0.119,4.960,0.280,0.42,569,167,90,25,65,10.9,9
6,15,5,7,826,0,72.88,0.083,4.960,0.287,0.29,590,178,58,12,46,7.0,9
6,15,5,14,826,0,74.46,0.153,4.960,0.289,0.53,601,182,43,14,29,5.2,9
6,15,8,3,826,0,66.22,0.847,7.960,0.338,2.51,485,198,143,62,81,17.3,5
6,15,8,7,826,0,66.71,0.878,7.960,0.349,2.51,520,216,90,31,59,10.9,5
6,15,8,14,826,0,68.52,1.006,7.960,0.354,2.84,540,224,62,26,36,7.5,5
6,15,10,3,826,0,62.35,0.997,9.960,0.374,2.66,427,222,177,88,89,21.4,4
6,15,10,7,826,0,62.71,1.124,9.960,0.390,2.88,474,243,109,44,65,13.2,4
6,15,10,14,826,0,64.53,1.296,9.960,0.397,3.26,500,255,71,33,38,8.6,4
6,15,15,3,826,0,55.93,1.183,2.602,0.449,2.64,312,268,246,150,96,29.8,1
6,15,15,7,826,0,54.72,1.324,4.551,0.477,2.78,370,302,154,82,72,18.6,1
6,15,15,14,826,0,56.05,1.557,9.267,0.491,3.17,401,321,104,62,42,12.6,1
6,15,20,3,826,0,52.30,1.269,1.082,0.501,2.53,227,293,306,205,101,37.0,0
6,15,20,7,826,0,50.73,1.732,0.395,0.544,3.18,296,333,197,123,74,23.8,0
6,15,20,14,826,0,51.21,1.870,0.959,0.563,3.32,325,360,141,98,43,17.1,0
6,15,30,3,826,0,50.24,1.623,0.048,0.562,2.89,107,308,411,308,103,49.8,0
6,15,30,7,826,0,47.09,2.292,-2.108,0.637,3.60,179,360,287,210,77,34.7,0
6,15,30,14,826,0,46.49,2.723,-4.582,0.677,4.02,225,396,205,159,46,24.8,0
6,20,3,3,826,0,82.32,-0.132,2.960,0.256,-0.52,671,92,63,9,54,7.6,6
6,20,3,7,826,0,83.29,-0.101,2.960,0.260,-0.39,684,97,45,4,41,5.4,6
6,20,3,14,826,0,84.99,-0.095,2.960,0.264,-0.36,697,101,28,5,23,3.4,6
6,20,5,3,826,0,74.58,-0.041,4.960,0.321,-0.13,591,131,104,25,79,12.6,6
6,20,5,7,826,0,76.15,-0.032,4.960,0.330,-0.10,616,142,68,13,55,8.2,6
6,20,5,14,826,0,77.97,0.020,4.960,0.334,0.06,630,147,49,14,35,5.9,6
6,20,8,3,826,0,68.89,0.620,7.960,0.383,1.62,507,158,161,62,99,19.5,4
6,20,8,7,826,0,70.10,0.716,7.960,0.397,1.80,545,173,108,34,74,13.1,4
6,20,8,14,826,0,72.28,0.837,7.960,0.405,2.07,571,184,71,26,45,8.6,4
6,20,10,3,826,0,65.74,0.918,9.960,0.420,2.18,454,174,198,89,109,24.0,3
6,20,10,7,826,0,66.95,1.123,9.960,0.437,2.57,504,192,130,49,81,15.7,3
6,20,10,14,826,0,69.13,1.274,9.960,0.450,2.83,538,207,81,33,48,9.8,3
6,20,15,3,826,0,59.44,1.092,4.467,0.501,2.18,338,215,273,153,120,33.1,1
6,20,15,7,826,0,59.44,1.291,9.920,0.535,2.41,402,247,177,89,88,21.4,1
6,20,15,14,826,0,61.38,1.578,14.960,0.552,2.86,438,266,122,69,53,14.8,1
6,20,20,3,826,0,56.05,1.209,2.079,0.556,2.18,247,235,344,216,128,41.6,0
6,20,20,7,826,0,55.45,1.719,3.686,0.605,2.84,323,272,231,135,96,28.0,0
6,20,20,14,826,0,56.78,1.929,6.119,0.630,3.06,357,300,169,112,57,20.5,0
6,20,30,3,826,0,54.12,1.617,1.480,0.619,2.61,118,248,460,329,131,55.7,0
6,20,30,7,826,0,52.06,2.375,1.173,0.701,3.39,197,295,334,233,101,40.4,0
6,20,30,14,826,0,52.18,2.840,1.382,0.750,3.79,248,335,243,183,60,29.4,0
6,25,3,3,826,0,84.14,-0.121,2.960,0.283,-0.43,685,73,68,10,58,8.2,4
6,25,3,7,826,0,85.47,-0.048,2.960,0.286,-0.17,701,77,48,5,43,5.8,4
6,25,3,14,826,0,87.29,-0.064,2.960,0.293,-0.22,715,82,29,6,23,3.5,4
6,25,5,3,826,0,76.63,-0.135,4.960,0.357,-0.38,607,108,111,26,85,13.4,4
6,25,5,7,826,0,78.45,-0.091,4.960,0.366,-0.25,634,117,75,14,61,9.1,4
6,25,5,14,826,0,80.87,-0.007,4.960,0.373,-0.02,652,123,51,16,35,6.2,4
6,25,8,3,826,0,71.07,0.535,7.960,0.421,1.27,522,129,175,65,110,21.2,3
6,25,8,7,826,0,72.52,0.621,7.960,0.437,1.42,563,143,120,36,84,14.5,3
6,25,8,14,826,0,75.30,0.754,7.960,0.449,1.68,594,156,76,28,48,9.2,3
6,25,10,3,826,0,67.92,0.818,9.960,0.459,1.78,468,143,215,93,122,26.0,2
6,25,10,7,826,0,69.61,1.034,9.960,0.480,2.15,523,160,143,52,91,17.3,2
6,25,10,14,826,0,72.40,1.193,9.960,0.498,2.40,563,177,86,35,51,10.4,2
6,25,15,3,826,0,62.23,1.154,5.738,0.541,2.13,354,172,300,160,140,36.3,0
6,25,15,7,826,0,63.20,1.368,14.960,0.582,2.35,424,205,197,98,99,23.8,0
6,25,15,14,826,0,65.62,1.720,14.960,0.605,2.84,468,225,133,74,59,16.1,0
6,25,20,3,826,0,58.84,1.214,3.395,0.599,2.03,258,191,377,228,149,45.6,0
6,25,20,7,826,0,59.44,1.851,6.320,0.655,2.83,343,227,256,148,108,31.0,0
6,25,20,14,826,0,61.14,2.109,11.382,0.688,3.07,385,255,186,120,66,22.5,0
6,25,30,3,826,0,56.78,1.560,2.449,0.664,2.35,124,204,498,345,153,60.3,0
6,25,30,7,826,0,55.81,2.390,3.265,0.753,3.17,207,249,370,254,116,44.8,0
6,25,30,14,826,0,56.30,2.956,4.295,0.814,3.63,269,290,267,196,71,32.3,0
6,30,3,3,826,0,85.96,0.124,2.960,0.293,0.42,700,54,72,10,62,8.7,1
6,30,3,7,826,0,87.29,0.111,2.960,0.303,0.36,716,60,50,5,45,6.1,1
6,30,3,14,826,0,89.35,0.129,2.960,0.310,0.42,732,64,30,6,24,3.6,1
6,30,5,3,826,0,79.18,0.223,4.960,0.372,0.60,628,81,117,26,91,14.2,1
6,30,5,7,826,0,81.11,0.206,4.960,0.386,0.53,656,91,79,14,65,9.6,1
6,30,5,14,826,0,83.78,0.336,4.960,0.393,0.86,676,96,54,16,38,6.5,1
6,30,8,3,826,0,73.61,0.954,7.960,0.438,2.18,542,97,187,66,121,22.6,1
6,30,8,7,826,0,75.42,0.999,7.960,0.460,2.17,586,112,128,37,91,15.5,1
6,30,8,14,826,0,78.69,1.208,7.960,0.474,2.55,622,122,82,28,54,9.9,1
6,30,10,3,826,0,70.10,1.117,9.960,0.483,2.31,485,112,229,94,135,27.7,1
6,30,10,7,826,0,72.40,1.334,9.960,0.508,2.63,544,128,154,54,100,18.6,1
6,30,10,14,826,0,75.54,1.542,9.960,0.529,2.91,589,143,94,35,59,11.4,1
6,30,15,3,826,0,64.41,1.486,6.688,0.569,2.61,369,136,321,163,158,38.9,0
6,30,15,7,826,0,66.46,1.766,14.960,0.616,2.87,445,165,216,104,112,26.2,0
6,30,15,14,826,0,69.13,2.123,14.960,0.646,3.29,496,187,143,75,68,17.3,0
6,30,20,3,826,0,61.02,1.510,4.185,0.632,2.39,271,154,401,233,168,48.5,0
6,30,20,7,826,0,62.59,2.192,8.366,0.694,3.16,361,186,279,156,123,33.8,0
6,30,20,14,826,0,64.41,2.405,16.552,0.736,3.27,409,217,200,123,77,24.2,0
6,30,30,3,826,0,58.96,1.879,3.333,0.696,2.70,130,164,532,357,175,64.4,0
6,30,30,7,826,0,58.72,2.596,4.660,0.796,3.26,216,208,402,269,133,48.7,0
6,30,30,14,826,0,59.32,3.055,7.297,0.867,3.52,281,250,295,209,86,35.7,0
6,40,3,3,826,0,86.56,-0.098,2.960,0.344,-0.28,705,41,80,10,70,9.7,1
6,40,3,7,826,0,88.26,-0.101,2.960,0.358,-0.28,724,48,54,5,49,6.5,1
6,40,3,14,826,0,90.56,0.028,2.960,0.358,0.08,742,48,36,6,30,4.4,1
6,40,5,3,826,0,80.15,-0.019,4.960,0.427,-0.05,635,60,131,27,104,15.9,1
6,40,5,7,826,0,82.69,0.025,4.960,0.446,0.06,669,70,87,14,73,10.5,1
6,40,5,14,826,0,85.71,0.273,4.960,0.449,0.61,692,72,62,16,46,7.5,1
6,40,8,3,826,0,74.70,0.741,7.960,0.491,1.51,550,69,207,67,140,25.1,1
6,40,8,7,826,0,77.12,0.734,7.960,0.527,1.39,600,88,138,37,101,16.7,1
6,40,8,14,826,0,80.63,1.005,7.960,0.540,1.86,638,92,96,28,68,11.6,1
6,40,10,3,826,0,71.19,0.829,9.960,0.542,1.53,493,81,252,95,157,30.5,1
6,40,10,7,826,0,74.09,0.970,9.960,0.582,1.67,558,102,166,54,112,20.1,1
6,40,10,14,826,0,77.60,1.234,9.960,0.604,2.04,606,110,110,35,75,13.3,1
6,40,15,3,826,0,65.74,1.130,7.821,0.635,1.78,377,101,348,166,182,42.1,0
6,40,15,7,826,0,68.52,1.320,14.960,0.696,1.90,458,132,236,108,128,28.6,0
6,40,15,14,826,0,71.43,1.734,14.960,0.731,2.37,515,145,166,75,91,20.1,0
6,40,20,3,826,0,62.47,1.141,4.648,0.701,1.63,280,114,432,236,196,52.3,0
6,40,20,7,826,0,65.01,1.825,10.582,0.778,2.35,377,149,300,160,140,36.3,0
6,40,20,14,826,0,67.07,1.983,19.960,0.828,2.40,428,170,228,126,102,27.6,0
6,40,30,3,826,0,60.65,1.601,3.952,0.765,2.09,135,121,570,366,204,69.0,0
6,40,30,7,826,0,61.50,2.366,5.835,0.882,2.68,229,166,431,279,152,52.2,0
6,40,30,14,826,0,62.23,2.610,9.708,0.967,2.70,299,199,328,215,113,39.7,0
6,50,3,3,826,0,87.41,0.092,2.960,0.358,0.26,712,28,86,10,76,10.4,1
6,50,3,7,826,0,89.35,0.147,2.960,0.372,0.39,733,31,62,5,57,7.5,1
6,50,3,14,826,0,92.25,0.388,2.960,0.369,1.05,756,32,38,6,32,4.6,1
6,50,5,3,826,0,81.23,0.121,4.960,0.456,0.27,644,44,138,27,111,16.7,1
6,50,5,7,826,0,84.02,0.162,4.960,0.480,0.34,680,51,95,14,81,11.5,1
6,50,5,14,826,0,87.65,0.543,4.960,0.480,1.13,708,53,65,16,49,7.9,1
6,50,8,3,826,0,75.67,0.911,7.960,0.517,1.76,557,48,221,68,153,26.8,1
6,50,8,7,826,0,78.57,0.900,7.960,0.565,1.59,612,64,150,37,113,18.2,1
6,50,8,14,826,0,82.93,1.340,7.960,0.578,2.32,657,69,100,28,72,12.1,1
6,50,10,3,826,0,72.03,0.886,9.960,0.575,1.54,499,57,270,96,174,32.7,1
6,50,10,7,826,0,75.42,0.994,9.960,0.630,1.58,569,77,180,54,126,21.8,1
6,50,10,14,826,0,79.78,1.429,9.960,0.653,2.19,621,85,120,38,82,14.5,1
6,50,15,3,826,0,66.59,1.282,8.496,0.668,1.92,383,71,372,167,205,45.0,0
6,50,15,7,826,0,69.98,1.415,14.960,0.746,1.90,469,97,260,109,151,31.5,0
6,50,15,14,826,0,73.85,1.902,14.960,0.790,2.41,532,114,180,78,102,21.8,0
6,50,20,3,826,0,63.20,1.177,4.943,0.741,1.59,283,83,460,239,221,55.7,0
6,50,20,7,826,0,66.22,1.772,12.024,0.833,2.13,385,112,329,162,167,39.8,0
6,50,20,14,826,0,69.61,2.118,19.960,0.896,2.36,445,135,246,130,116,29.8,0
6,50,30,3,826,0,61.38,1.600,4.078,0.806,1.99,136,89,601,371,230,72.8,0
6,50,30,7,826,0,62.83,2.325,6.394,0.940,2.47,235,125,466,284,182,56.4,0
6,50,30,14,826,0,64.77,2.567,10.935,1.044,2.46,309,162,355,226,129,43.0,0
12,10,3,3,826,0,73.73,-0.181,2.960,0.188,-0.97,596,182,48,13,35,5.8,12
12,10,3,7,826,0,74.70,-0.166,2.960,0.190,-0.87,611,188,27,6,21,3.3,12
12,10,3,14,826,0,74.94,-0.212,2.960,0.192,-1.10,614,192,20,5,15,2.4,12
12,10,5,3,826,0,67.07,0.290,4.960,0.230,1.26,521,225,80,33,47,9.7,9
12,10,5,7,826,0,67.31,0.286,4.960,0.236,1.22,544,239,43,12,31,5.2,9
12,10,5,14,826,0,67.80,0.238,4.960,0.239,1.00,551,246,29,9,20,3.5,9
12,10,8,3,826,0,58.72,0.583,7.960,0.287,2.03,419,284,123,66,57,14.9,3
12,10,8,7,826,0,58.47,0.639,7.960,0.296,2.16,450,302,74,33,41,9.0,3
12,10,8,14,826,0,59.08,0.637,7.960,0.301,2.12,466,314,46,22,24,5.6,3
12,10,10,3,826,0,55.33,0.821,2.195,0.319,2.58,369,308,149,88,61,18.0,2
12,10,10,7,826,0,54.72,0.912,6.028,0.330,2.76,405,331,90,47,43,10.9,2
12,10,10,14,826,0,55.08,0.927,9.960,0.337,2.75,425,345,56,30,26,6.8,2
12,10,15,3,826,0,49.39,1.015,-0.485,0.379,2.68,254,351,221,154,67,26.8,2
12,10,15,7,826,0,47.09,1.139,-2.080,0.402,2.84,305,389,132,84,48,16.0,2
12,10,15,14,826,0,46.49,1.133,-10.040,0.414,2.73,330,414,82,54,28,9.9,2
12,10,20,3,826,0,46.13,0.981,-1.736,0.418,2.35,166,376,284,215,69,34.4,1
12,10,20,7,826,0,42.49,1.235,-10.040,0.458,2.70,237,425,164,114,50,19.9,1
12,10,20,14,826,0,41.28,1.338,-10.040,0.479,2.80,266,457,103,75,28,12.5,1
12,10,30,3,826,0,44.19,1.069,-3.672,0.463,2.31,73,392,361,292,69,43.7,1
12,10,30,7,826,0,38.50,1.242,-10.040,0.525,2.36,124,456,246,194,52,29.8,1
12,10,30,14,826,0,35.96,1.362,-10.040,0.563,2.42,161,501,164,136,28,19.9,1
12,15,3,3,826,0,80.15,-0.016,2.960,0.221,-0.07,649,116,61,13,48,7.4,7
12,15,3,7,826,0,81.60,0.019,2.960,0.225,0.09,668,123,35,6,29,4.2,7
12,15,3,14,826,0,82.45,0.030,2.960,0.226,0.13,675,124,27,6,21,3.3,7
12,15,5,3,826,0,74.46,0.584,4.960,0.267,2.19,581,144,101,34,67,12.2,5
12,15,5,7,826,0,75.54,0.634,4.960,0.275,2.31,612,157,57,12,45,6.9,5
12,15,5,14,826,0,76.88,0.651,4.960,0.278,2.34,624,161,41,11,30,5.0,5
12,15,8,3,826,0,66.34,0.800,7.960,0.336,2.38,476,196,154,72,82,18.6,2
12,15,8,7,826,0,66.71,0.885,7.960,0.348,2.54,515,216,95,36,59,11.5,2
12,15,8,14,826,0,68.40,0.988,7.960,0.354,2.79,539,224,63,26,37,7.6,2
12,15,10,3,826,0,63.20,1.115,9.960,0.371,3.00,427,215,184,95,89,22.3,1
12,15,10,7,826,0,63.68,1.307,9.960,0.387,3.38,473,238,115,53,62,13.9,1
12,15,10,14,826,0,65.01,1.412,9.960,0.395,3.57,501,250,75,36,39,9.1,1
12,15,15,3,826,0,56.66,1.208,2.299,0.443,2.73,301,259,266,167,99,32.2,1
12,15,15,7,826,0,55.69,1.460,4.286,0.472,3.09,364,296,166,96,70,20.1,1
12,15,15,14,826,0,55.93,1.542,8.568,0.490,3.15,400,319,107,62,45,13.0,1
12,15,20,3,826,0,53.39,1.170,0.973,0.487,2.40,198,280,348,243,105,42.1,0
12,15,20,7,826,0,50.97,1.586,0.616,0.538,2.95,289,331,206,132,74,24.9,0
12,15,20,14,826,0,50.61,1.774,0.686,0.563,3.15,325,361,140,93,47,16.9,0
12,15,30,3,826,0,51.45,1.316,0.283,0.538,2.44,89,296,441,336,105,53.4,0
12,15,30,7,826,0,46.85,1.822,-1.990,0.621,2.93,160,360,306,227,79,37.0,0
12,15,30,14,826,0,45.16,1.995,-7.637,0.666,2.99,209,405,212,164,48,25.7,0
12,20,3,3,826,0,84.14,0.304,2.960,0.236,1.29,681,74,71,14,57,8.6,3
12,20,3,7,826,0,86.32,0.411,2.960,0.240,1.71,706,80,40,7,33,4.8,3
12,20,3,14,826,0,87.41,0.438,2.960,0.242,1.81,715,82,29,7,22,3.5,3
12,20,5,3,826,0,78.33,0.813,4.960,0.292,2.78,612,101,113,35,78,13.7,3
12,20,5,7,826,0,80.15,0.957,4.960,0.300,3.19,648,110,68,14,54,8.2,3
12,20,5,14,826,0,81.72,0.984,4.960,0.304,3.24,662,114,50,13,37,6.1,3
12,20,8,3,826,0,70.94,1.058,7.960,0.372,2.84,513,144,169,73,96,20.5,3
12,20,8,7,826,0,72.28,1.249,7.960,0.385,3.24,557,159,110,40,70,13.3,3
12,20,8,14,826,0,74.21,1.365,7.960,0.393,3.48,585,168,73,28,45,8.8,3
12,20,10,3,826,0,67.55,1.298,9.960,0.413,3.15,462,164,200,96,104,24.2,2
12,20,10,7,826,0,69.13,1.614,9.960,0.429,3.76,513,181,132,58,74,16.0,2
12,20,10,14,826,0,70.70,1.729,9.960,0.440,3.93,546,193,87,38,49,10.5,2
12,20,15,3,826,0,61.14,1.373,4.742,0.492,2.79,330,202,294,175,119,35.6,2
12,20,15,7,826,0,61.50,1.821,10.271,0.526,3.46,405,232,189,103,86,22.9,2
12,20,15,14,826,0,62.11,1.872,14.960,0.548,3.41,446,257,123,67,56,14.9,2
12,20,20,3,826,0,57.87,1.379,2.503,0.541,2.55,224,221,381,254,127,46.1,1
12,20,20,7,826,0,57.02,2.047,3.912,0.599,3.42,327,263,236,144,92,28.6,1
12,20,20,14,826,0,57.26,2.325,7.414,0.629,3.69,371,292,163,102,61,19.7,1
12,20,30,3,826,0,56.17,1.742,1.927,0.600,2.90,108,233,485,356,129,58.7,0
12,20,30,7,826,0,53.27,2.552,2.078,0.691,3.69,188,287,351,252,99,42.5,0
12,20,30,14,826,0,52.18,2.876,1.633,0.746,3.85,247,331,248,184,64,30.0,0
12,25,3,3,826,0,85.71,0.349,2.960,0.258,1.35,694,59,73,14,59,8.8,1
12,25,3,7,826,0,88.14,0.443,2.960,0.265,1.67,721,64,41,7,34,5.0,1
12,25,3,14,826,0,89.23,0.450,2.960,0.268,1.68,730,67,29,7,22,3.5,1
12,25,5,3,826,0,80.02,0.766,4.960,0.323,2.37,626,84,116,35,81,14.0,1
12,25,5,7,826,0,82.08,0.925,4.960,0.332,2.79,664,90,72,14,58,8.7,1
12,25,5,14,826,0,83.90,0.947,4.960,0.338,2.80,680,96,50,13,37,6.1,1
12,25,8,3,826,0,73.24,1.116,7.960,0.404,2.76,531,115,180,74,106,21.8,1
12,25,8,7,826,0,74.82,1.245,7.960,0.422,2.95,577,130,119,41,78,14.4,1
12,25,8,14,826,0,77.12,1.322,7.960,0.435,3.04,609,142,75,28,47,9.1,1
12,25,10,3,826,0,69.98,1.331,9.960,0.448,2.97,480,133,213,98,115,25.8,1
12,25,10,7,826,0,71.91,1.605,9.960,0.470,3.42,534,150,142,60,82,17.2,1
12,25,10,14,826,0,73.85,1.678,9.960,0.486,3.45,572,165,89,38,51,10.8,1
12,25,15,3,826,0,63.80,1.416,6.135,0.533,2.66,347,166,313,180,133,37.9,1
12,25,15,7,826,0,64.77,1.848,14.960,0.573,3.23,427,194,205,108,97,24.8,1
12,25,15,14,826,0,66.22,1.999,14.960,0.600,3.33,476,217,133,71,62,16.1,1
12,25,20,3,826,0,60.53,1.402,3.517,0.586,2.39,239,184,403,261,142,48.8,0
12,25,20,7,826,0,60.29,2.127,6.032,0.647,3.28,346,218,262,152,110,31.7,0
12,25,20,14,826,0,61.38,2.392,12.134,0.686,3.48,396,250,180,111,69,21.8,0
12,25,30,3,826,0,58.72,1.671,2.689,0.645,2.59,113,195,518,372,146,62.7,0
12,25,30,7,826,0,56.42,2.551,3.267,0.743,3.43,198,241,387,268,119,46.9,0
12,25,30,14,826,0,55.69,2.699,3.894,0.809,3.34,261,288,277,199,78,33.5,0
12,30,3,3,826,0,86.92,0.503,2.960,0.268,1.88,704,44,78,14,64,9.4,1
12,30,3,7,826,0,89.71,0.600,2.960,0.278,2.15,734,50,42,7,35,5.1,1
12,30,3,14,826,0,90.92,0.638,2.960,0.281,2.27,744,52,30,7,23,3.6,1
12,30,5,3,826,0,81.60,0.949,4.960,0.338,2.81,639,64,123,35,88,14.9,1
12,30,5,7,826,0,84.02,1.147,4.960,0.348,3.29,680,71,75,14,61,9.1,1
12,30,5,14,826,0,85.96,1.173,4.960,0.356,3.30,697,76,53,13,40,6.4,1
12,30,8,3,826,0,74.94,1.298,7.960,0.425,3.06,545,90,191,74,117,23.1,1
12,30,8,7,826,0,77.12,1.448,7.960,0.449,3.23,595,106,125,42,83,15.1,1
12,30,8,14,826,0,79.54,1.516,7.960,0.464,3.27,629,116,81,28,53,9.8,1
12,30,10,3,826,0,71.91,1.613,9.960,0.468,3.44,494,102,230,100,130,27.8,1
12,30,10,7,826,0,74.46,1.853,9.960,0.499,3.71,554,123,149,61,88,18.0,1
12,30,10,14,826,0,76.39,1.888,9.960,0.518,3.64,593,136,97,38,59,11.7,1
12,30,15,3,826,0,65.62,1.665,6.983,0.556,2.99,356,128,342,186,156,41.4,1
12,30,15,7,826,0,67.55,2.068,14.960,0.609,3.39,444,162,220,114,106,26.6,1
12,30,15,14,826,0,69.01,2.167,14.960,0.643,3.37,498,184,144,72,72,17.4,1
12,30,20,3,826,0,62.47,1.616,4.607,0.614,2.63,244,145,437,272,165,52.9,0
12,30,20,7,826,0,63.08,2.312,7.925,0.688,3.36,360,184,282,161,121,34.1,0
12,30,20,14,826,0,64.29,2.576,19.960,0.735,3.50,417,215,194,114,80,23.5,0
12,30,30,3,826,0,60.77,1.927,3.435,0.671,2.87,115,153,558,387,171,67.6,0
12,30,30,7,826,0,59.44,2.856,4.803,0.786,3.63,208,203,415,283,132,50.2,0
12,30,30,14,826,0,59.20,3.131,7.473,0.863,3.63,280,248,298,209,89,36.1,0
12,40,3,3,826,0,87.05,0.130,2.960,0.327,0.40,705,38,83,14,69,10.0,1
12,40,3,7,826,0,90.07,0.290,2.960,0.334,0.87,737,40,49,7,42,5.9,1
12,40,3,14,826,0,91.40,0.361,2.960,0.337,1.07,748,42,36,7,29,4.4,1
12,40,5,3,826,0,81.96,0.566,4.960,0.398,1.42,642,51,133,35,98,16.1,1
12,40,5,7,826,0,84.75,0.900,4.960,0.402,2.24,686,54,86,14,72,10.4,1
12,40,5,14,826,0,86.92,0.866,4.960,0.419,2.07,705,61,60,13,47,7.3,1
12,40,8,3,826,0,75.67,0.961,7.960,0.483,1.99,551,68,207,74,133,25.1,1
12,40,8,7,826,0,78.45,1.282,7.960,0.505,2.54,606,78,142,42,100,17.2,1
12,40,8,14,826,0,81.60,1.380,7.960,0.527,2.62,646,88,92,28,64,11.1,1
12,40,10,3,826,0,72.76,1.243,9.960,0.529,2.35,500,77,249,101,148,30.1,1
12,40,10,7,826,0,76.15,1.696,9.960,0.559,3.03,566,91,169,63,106,20.5,1
12,40,10,14,826,0,78.81,1.797,9.960,0.584,3.07,612,102,112,39,73,13.6,1
12,40,15,3,826,0,66.71,1.173,7.284,0.625,1.88,363,99,364,188,176,44.1,1
12,40,15,7,826,0,69.49,1.733,14.960,0.683,2.54,455,124,247,119,128,29.9,1
12,40,15,14,826,0,72.03,1.969,14.960,0.723,2.72,519,142,165,76,89,20.0,1
12,40,20,3,826,0,64.04,1.360,5.045,0.678,2.01,252,107,467,277,190,56.5,0
12,40,20,7,826,0,65.62,2.234,9.691,0.759,2.94,375,138,313,167,146,37.9,0
12,40,20,14,826,0,67.92,2.577,19.960,0.820,3.14,442,165,219,119,100,26.5,0
12,40,30,3,826,0,62.35,1.616,3.966,0.733,2.20,117,113,596,398,198,72.2,0
12,40,30,7,826,0,61.99,2.718,6.024,0.860,3.16,216,154,456,296,160,55.2,0
12,40,30,14,826,0,62.71,2.869,9.856,0.958,3.00,294,196,336,224,112,40.7,0
12,50,3,3,826,0,87.89,0.302,2.960,0.342,0.88,712,26,88,14,74,10.7,1
12,50,3,7,826,0,91.28,0.447,2.960,0.358,1.25,747,30,49,7,42,5.9,1
12,50,3,14,826,0,92.62,0.530,2.960,0.360,1.47,758,31,37,7,30,4.5,1
12,50,5,3,826,0,82.69,0.641,4.960,0.424,1.51,648,36,142,35,107,17.2,1
12,50,5,7,826,0,85.96,0.971,4.960,0.437,2.22,695,42,89,15,74,10.8,1
12,50,5,14,826,0,88.26,0.911,4.960,0.459,1.98,716,48,62,13,49,7.5,1
12,50,8,3,826,0,76.51,0.969,7.960,0.518,1.87,556,50,220,76,144,26.6,1
12,50,8,7,826,0,79.66,1.234,7.960,0.553,2.23,614,62,150,44,106,18.2,1
12,50,8,14,826,0,82.93,1.263,7.960,0.584,2.16,657,71,98,28,70,11.9,1
12,50,10,3,826,0,73.73,1.278,9.960,0.565,2.26,506,57,263,103,160,31.8,1
12,50,10,7,826,0,77.60,1.729,9.960,0.605,2.86,576,70,180,65,115,21.8,1
12,50,10,14,826,0,80.39,1.815,9.960,0.636,2.85,624,80,122,40,82,14.8,1
12,50,15,3,826,0,67.80,1.243,7.787,0.663,1.87,370,71,385,190,195,46.6,1
12,50,15,7,826,0,71.19,1.753,14.960,0.739,2.37,467,97,262,121,141,31.7,1
12,50,15,14,826,0,74.09,1.956,14.960,0.788,2.48,534,113,179,78,101,21.7,1
12,50,20,3,826,0,65.01,1.438,5.410,0.715,2.01,256,76,494,281,213,59.8,0
12,50,20,7,826,0,67.19,2.222,11.050,0.816,2.72,383,107,336,172,164,40.7,0
12,50,20,14,826,0,70.10,2.654,19.960,0.885,3.00,457,130,239,122,117,28.9,0
12,50,30,3,826,0,63.44,1.740,4.279,0.764,2.28,117,78,631,407,224,76.4,0
12,50,30,7,826,0,63.92,2.937,6.612,0.912,3.22,222,117,487,306,181,59.0,0
12,50,30,14,826,0,65.74,3.401,11.292,1.022,3.33,307,151,368,236,132,44.6,0
24,10,3,3,826,0,77.36,0.330,2.960,0.174,1.89,625,148,53,14,39,6.4,5
24,10,3,7,826,0,78.21,0.338,2.960,0.177,1.90,642,155,29,4,25,3.5,5
24,10,3,14,826,0,78.69,0.306,2.960,0.180,1.70,648,160,18,2,16,2.2,5
24,10,5,3,826,0,70.94,0.965,4.960,0.217,4.44,556,185,85,30,55,10.3,2
24,10,5,7,826,0,72.03,0.977,4.960,0.223,4.38,577,199,50,18,32,6.1,2
24,10,5,14,826,0,72.40,0.955,4.960,0.226,4.22,588,206,32,10,22,3.9,2
24,10,8,3,826,0,61.99,1.287,7.960,0.278,4.63,443,245,138,69,69,16.7,1
24,10,8,7,826,0,62.11,1.291,7.960,0.290,4.46,478,272,76,35,41,9.2,1
24,10,8,14,826,0,62.59,1.284,7.960,0.295,4.36,494,284,48,23,25,5.8,1
24,10,10,3,826,0,57.63,1.334,3.760,0.312,4.28,378,278,170,98,72,20.6,1
24,10,10,7,826,0,57.51,1.464,9.960,0.327,4.48,429,308,89,46,43,10.8,1
24,10,10,14,826,0,57.87,1.533,9.960,0.334,4.59,450,321,55,28,27,6.7,1
24,10,15,3,826,0,52.06,1.768,0.502,0.375,4.71,272,314,240,158,82,29.1,1
24,10,15,7,826,0,51.69,2.184,1.176,0.403,5.42,331,354,141,96,45,17.1,1
24,10,15,14,826,0,50.97,2.290,1.070,0.416,5.51,365,374,87,56,31,10.5,1
24,10,20,3,826,0,50.00,2.274,-0.011,0.425,5.35,200,329,297,213,84,36.0,1
24,10,20,7,826,0,48.18,2.821,-1.432,0.467,6.04,271,380,175,127,48,21.2,1
24,10,20,14,826,0,46.97,2.982,-5.841,0.486,6.13,303,407,116,85,31,14.0,1
24,10,30,3,826,0,47.46,2.080,-0.737,0.467,4.46,78,348,400,314,86,48.4,0
24,10,30,7,826,0,43.58,2.916,-10.040,0.546,5.34,147,414,265,213,52,32.1,0
24,10,30,14,826,0,41.16,3.163,-10.040,0.583,5.43,188,454,184,152,32,22.3,0
24,15,3,3,826,0,80.99,0.207,2.960,0.212,0.97,655,102,69,14,55,8.4,3
24,15,3,7,826,0,82.69,0.266,2.960,0.216,1.23,679,111,36,4,32,4.4,3
24,15,3,14,826,0,83.54,0.281,2.960,0.217,1.29,688,112,26,2,24,3.1,3
24,15,5,3,826,0,74.82,0.795,4.960,0.260,3.06,588,131,107,30,77,13.0,2
24,15,5,7,826,0,76.88,0.866,4.960,0.267,3.24,617,144,65,18,47,7.9,2
24,15,5,14,826,0,77.85,0.888,4.960,0.271,3.28,631,150,45,12,33,5.4,2
24,15,8,3,826,0,66.46,1.069,7.960,0.329,3.25,480,181,165,69,96,20.0,1
24,15,8,7,826,0,67.80,1.126,7.960,0.344,3.28,522,202,102,38,64,12.3,1
24,15,8,14,826,0,69.13,1.157,7.960,0.351,3.30,543,216,67,28,39,8.1,1
24,15,10,3,826,0,62.47,1.118,9.960,0.367,3.05,416,207,203,100,103,24.6,1
24,15,10,7,826,0,63.56,1.278,9.960,0.387,3.30,476,235,115,49,66,13.9,1
24,15,10,14,826,0,64.77,1.391,9.960,0.396,3.51,502,250,74,33,41,9.0,1
24,15,15,3,826,0,57.75,1.729,3.294,0.432,4.00,302,232,292,175,117,35.4,1
24,15,15,7,826,0,58.60,2.228,7.561,0.467,4.77,376,271,179,108,71,21.7,1
24,15,15,14,826,0,58.72,2.382,14.960,0.485,4.91,420,294,112,65,47,13.6,1
24,15,20,3,826,0,55.57,2.273,2.027,0.484,4.70,224,245,357,235,122,43.2,1
24,15,20,7,826,0,55.21,2.941,3.417,0.537,5.48,312,296,218,144,74,26.4,1
24,15,20,14,826,0,54.12,2.972,3.857,0.562,5.28,350,331,145,97,48,17.6,1
24,15,30,3,826,0,53.75,2.280,1.020,0.530,4.30,92,257,477,352,125,57.7,0
24,15,30,7,826,0,50.85,3.247,0.303,0.626,5.18,174,326,326,246,80,39.5,0
24,15,30,14,826,0,48.31,3.361,-1.736,0.673,5.00,227,373,226,172,54,27.4,0
24,20,3,3,826,0,83.29,0.210,2.960,0.238,0.88,674,74,78,14,64,9.4,3
24,20,3,7,826,0,85.47,0.287,2.960,0.245,1.17,702,84,40,4,36,4.8,3
24,20,3,14,826,0,86.32,0.289,2.960,0.247,1.17,711,85,30,2,28,3.6,3
24,20,5,3,826,0,77.36,0.806,4.960,0.290,2.78,609,97,120,30,90,14.5,2
24,20,5,7,826,0,80.02,0.877,4.960,0.302,2.91,643,111,72,18,54,8.7,2
24,20,5,14,826,0,81.23,0.895,4.960,0.307,2.91,659,117,50,12,38,6.1,2
24,20,8,3,826,0,69.13,0.931,7.960,0.370,2.52,499,142,185,72,113,22.4,1
24,20,8,7,826,0,71.43,1.060,7.960,0.388,2.73,551,161,114,39,75,13.8,1
24,20,8,14,826,0,73.24,1.106,7.960,0.398,2.78,577,174,75,28,47,9.1,1
24,20,10,3,826,0,65.50,0.969,9.960,0.411,2.36,437,165,224,104,120,27.1,1
24,20,10,7,826,0,67.55,1.189,9.960,0.437,2.72,507,191,128,51,77,15.5,1
24,20,10,14,826,0,69.25,1.325,9.960,0.449,2.95,539,205,82,33,49,9.9,1
24,20,15,3,826,0,60.77,1.610,4.899,0.479,3.36,321,186,319,181,138,38.6,1
24,20,15,7,826,0,62.83,2.184,11.215,0.520,4.20,404,222,200,115,85,24.2,1
24,20,15,14,826,0,63.44,2.383,14.960,0.544,4.38,457,245,124,67,57,15.0,1
24,20,20,3,826,0,58.60,2.156,3.550,0.532,4.05,238,198,390,246,144,47.2,1
24,20,20,7,826,0,59.32,2.856,6.379,0.593,4.82,334,245,247,156,91,29.9,1
24,20,20,14,826,0,58.72,2.901,9.803,0.627,4.63,381,280,165,104,61,20.0,1
24,20,30,3,826,0,56.90,2.189,2.518,0.580,3.77,99,209,518,371,147,62.7,0
24,20,30,7,826,0,55.08,3.279,3.043,0.687,4.77,191,271,364,264,100,44.1,0
24,20,30,14,826,0,53.39,3.572,2.832,0.746,4.79,254,316,256,187,69,31.0,0
24,25,3,3,826,0,84.75,0.301,2.960,0.255,1.18,686,54,86,14,72,10.4,1
24,25,3,7,826,0,87.41,0.375,2.960,0.266,1.41,718,64,44,4,40,5.3,1
24,25,3,14,826,0,88.50,0.385,2.960,0.270,1.42,729,67,30,2,28,3.6,1
24,25,5,3,826,0,78.81,0.835,4.960,0.313,2.67,621,73,132,30,102,16.0,1
24,25,5,7,826,0,82.20,0.923,4.960,0.329,2.80,660,87,79,19,60,9.6,1
24,25,5,14,826,0,83.54,0.908,4.960,0.339,2.68,677,96,53,13,40,6.4,1
24,25,8,3,826,0,71.31,1.062,7.960,0.395,2.69,516,105,205,73,132,24.8,1
24,25,8,7,826,0,74.33,1.169,7.960,0.421,2.78,574,127,125,40,85,15.1,1
24,25,8,14,826,0,76.51,1.178,7.960,0.437,2.69,603,143,80,29,51,9.7,1
24,25,10,3,826,0,67.68,1.089,9.960,0.441,2.47,454,124,248,105,143,30.0,1
24,25,10,7,826,0,70.70,1.257,9.960,0.476,2.64,530,153,143,54,89,17.3,1
24,25,10,14,826,0,73.00,1.424,9.960,0.492,2.89,567,170,89,36,53,10.8,1
24,25,15,3,826,0,62.83,1.647,5.564,0.513,3.21,334,145,347,185,162,42.0,1
24,25,15,7,826,0,66.10,2.291,14.960,0.563,4.07,426,180,220,120,100,26.6,1
24,25,15,14,826,0,67.31,2.542,14.960,0.591,4.30,484,205,137,72,65,16.6,1
24,25,20,3,826,0,60.65,2.174,4.313,0.569,3.82,249,157,420,252,168,50.8,1
24,25,20,7,826,0,62.59,2.948,8.530,0.640,4.61,354,202,270,163,107,32.7,1
24,25,20,14,826,0,62.47,3.007,14.564,0.680,4.42,404,238,184,112,72,22.3,1
24,25,30,3,826,0,59.56,2.438,3.427,0.616,3.96,107,162,557,385,172,67.4,0
24,25,30,7,826,0,58.84,3.712,5.358,0.737,5.04,209,218,399,277,122,48.3,0
24,25,30,14,826,0,57.51,3.921,6.114,0.804,4.88,276,268,282,199,83,34.1,0
24,30,3,3,826,0,85.59,0.324,2.960,0.272,1.19,693,43,90,14,76,10.9,0
24,30,3,7,826,0,88.62,0.449,2.960,0.283,1.59,728,50,48,4,44,5.8,0
24,30,3,14,826,0,89.83,0.459,2.960,0.289,1.59,740,54,32,2,30,3.9,0
24,30,5,3,826,0,79.66,0.884,4.960,0.330,2.68,628,56,142,30,112,17.2,0
24,30,5,7,826,0,83.78,1.032,4.960,0.349,2.95,673,69,84,19,65,10.2,0
24,30,5,14,826,0,85.23,0.969,4.960,0.364,2.66,691,79,56,13,43,6.8,0
24,30,8,3,826,0,73.00,1.311,7.960,0.410,3.20,527,78,221,76,145,26.8,0
24,30,8,7,826,0,76.63,1.387,7.960,0.445,3.12,592,101,133,41,92,16.1,0
24,30,8,14,826,0,79.06,1.350,7.960,0.467,2.89,623,117,86,30,56,10.4,0
24,30,10,3,826,0,69.25,1.304,9.960,0.458,2.84,463,93,270,109,161,32.7,0
24,30,10,7,826,0,73.00,1.364,9.960,0.508,2.68,547,126,153,56,97,18.5,0
24,30,10,14,826,0,75.54,1.496,9.960,0.530,2.82,587,143,96,37,59,11.6,0
24,30,15,3,826,0,64.41,1.797,5.796,0.534,3.37,338,111,377,194,183,45.6,0
24,30,15,7,826,0,68.52,2.453,14.960,0.597,4.11,441,149,236,125,111,28.6,0
24,30,15,14,826,0,70.34,2.732,14.960,0.632,4.32,506,173,147,75,72,17.8,0
24,30,20,3,826,0,62.11,2.253,4.574,0.592,3.81,252,122,452,261,191,54.7,0
24,30,20,7,826,0,65.01,3.043,9.524,0.677,4.49,365,169,292,172,120,35.4,0
24,30,20,14,826,0,65.62,3.182,19.960,0.726,4.38,424,204,198,118,80,24.0,0
24,30,30,3,826,0,60.77,2.371,3.626,0.641,3.70,107,129,590,395,195,71.4,0
24,30,30,7,826,0,61.26,3.745,6.379,0.773,4.84,212,183,431,294,137,52.2,0
24,30,30,14,826,0,60.77,4.059,8.579,0.852,4.76,286,231,309,216,93,37.4,0
24,40,3,3,826,0,86.08,0.191,2.960,0.310,0.62,697,31,98,14,84,11.9,1
24,40,3,7,826,0,89.35,0.367,2.960,0.322,1.14,734,36,56,4,52,6.8,1
24,40,3,14,826,0,90.80,0.438,2.960,0.328,1.34,748,40,38,2,36,4.6,1
24,40,5,3,826,0,80.27,0.694,4.960,0.375,1.85,633,42,151,30,121,18.3,1
24,40,5,7,826,0,84.87,0.943,4.960,0.395,2.39,682,51,93,19,74,11.3,1
24,40,5,14,826,0,86.68,1.020,4.960,0.404,2.52,703,55,68,13,55,8.2,1
24,40,8,3,826,0,73.73,1.001,7.960,0.465,2.15,533,61,232,76,156,28.1,0
24,40,8,7,826,0,77.97,1.226,7.960,0.501,2.45,603,76,147,41,106,17.8,0
24,40,8,14,826,0,81.11,1.399,7.960,0.519,2.70,639,84,103,31,72,12.5,0
24,40,10,3,826,0,70.46,1.098,9.960,0.513,2.14,473,71,282,109,173,34.1,0
24,40,10,7,826,0,74.94,1.304,9.960,0.566,2.30,562,93,171,57,114,20.7,0
24,40,10,14,826,0,78.21,1.619,9.960,0.588,2.75,608,104,114,38,76,13.8,0
24,40,15,3,826,0,65.62,1.539,6.234,0.591,2.60,346,84,396,196,200,47.9,0
24,40,15,7,826,0,70.58,2.397,14.960,0.659,3.64,455,111,260,128,132,31.5,0
24,40,15,14,826,0,73.12,2.784,14.960,0.700,3.98,527,128,171,77,94,20.7,0
24,40,20,3,826,0,63.56,2.098,5.182,0.646,3.25,260,90,476,265,211,57.6,0
24,40,20,7,826,0,67.43,3.050,11.210,0.742,4.11,379,126,321,178,143,38.9,0
24,40,20,14,826,0,68.89,3.357,19.960,0.800,4.20,447,152,227,122,105,27.5,0
24,40,30,3,826,0,62.23,2.143,3.888,0.695,3.09,108,95,623,406,217,75.4,0
24,40,30,7,826,0,63.68,3.738,7.400,0.838,4.46,219,136,471,307,164,57.0,0
24,40,30,14,826,0,63.68,4.049,10.677,0.934,4.33,302,176,348,224,124,42.1,0
24,50,3,3,826,0,86.56,0.320,2.960,0.318,1.01,701,19,106,14,92,12.8,0
24,50,3,7,826,0,90.19,0.667,2.960,0.322,2.07,741,22,63,4,59,7.6,0
24,50,3,14,826,0,92.01,0.756,2.960,0.332,2.28,758,25,43,2,41,5.2,0
24,50,5,3,826,0,80.87,0.883,4.960,0.380,2.32,637,25,164,31,133,19.9,0
24,50,5,7,826,0,85.71,1.301,4.960,0.399,3.26,689,31,106,19,87,12.8,0
24,50,5,14,826,0,88.26,1.433,4.960,0.414,3.46,716,36,74,13,61,9.0,0
24,50,8,3,826,0,73.97,0.988,7.960,0.489,2.02,534,41,251,77,174,30.4,0
24,50,8,7,826,0,78.57,1.348,7.960,0.530,2.55,608,52,166,41,125,20.1,0
24,50,8,14,826,0,82.57,1.542,7.960,0.558,2.76,651,63,112,31,81,13.6,0
24,50,10,3,826,0,70.82,1.137,9.960,0.538,2.11,475,48,303,110,193,36.7,0
24,50,10,7,826,0,75.54,1.325,9.960,0.605,2.19,567,67,192,57,135,23.2,0
24,50,10,14,826,0,79.66,1.663,9.960,0.637,2.61,618,79,129,40,89,15.6,0
24,50,15,3,826,0,65.98,1.540,6.327,0.619,2.49,348,58,420,197,223,50.8,0
24,50,15,7,826,0,71.31,2.354,14.960,0.706,3.34,461,83,282,128,154,34.1,0
24,50,15,14,826,0,74.82,2.739,14.960,0.759,3.61,537,101,188,81,107,22.8,0
24,50,20,3,826,0,63.92,2.072,5.258,0.676,3.06,262,62,502,266,236,60.8,0
24,50,20,7,826,0,68.16,2.870,11.561,0.797,3.60,385,97,344,178,166,41.6,0
24,50,20,14,826,0,70.58,3.117,19.960,0.870,3.58,455,123,248,128,120,30.0,0
24,50,30,3,826,0,62.71,2.162,3.916,0.720,3.00,108,64,654,410,244,79.2,0
24,50,30,7,826,0,64.41,3.557,7.658,0.892,3.99,221,105,500,311,189,60.5,0
24,50,30,14,826,0,65.74,3.900,11.804,1.003,3.89,308,141,377,235,142,45.6,0
48,10,3,3,821,5,75.15,0.207,2.960,0.176,1.18,605,150,66,12,54,8.0,3
48,10,3,7,821,5,77.59,0.224,2.960,0.181,1.24,630,162,29,7,22,3.5,3
48,10,3,14,821,5,77.83,0.196,2.960,0.183,1.07,635,166,20,4,16,2.4,3
48,10,5,3,821,5,67.24,0.561,4.960,0.222,2.52,518,199,104,34,70,12.7,1
48,10,5,7,821,5,69.43,0.585,4.960,0.230,2.54,550,218,53,20,33,6.5,1
48,10,5,14,821,5,69.67,0.597,4.960,0.233,2.56,565,222,34,7,27,4.1,1
48,10,8,3,821,5,57.61,0.577,3.718,0.280,2.06,394,266,161,79,82,19.6,1
48,10,8,7,821,5,58.10,0.526,7.960,0.295,1.78,439,301,81,38,43,9.9,1
48,10,8,14,821,5,57.86,0.553,7.960,0.300,1.84,457,311,53,18,35,6.5,1
48,10,10,3,821,5,53.96,0.703,1.578,0.311,2.26,343,291,187,100,87,22.8,1
48,10,10,7,821,5,54.20,0.731,3.437,0.329,2.22,391,331,99,54,45,12.1,1
48,10,10,14,821,5,53.47,0.755,9.960,0.337,2.24,415,346,60,24,36,7.3,1
48,10,15,3,821,5,47.87,0.806,-0.724,0.369,2.18,233,335,253,160,93,30.8,0
48,10,15,7,821,5,47.02,1.061,-3.072,0.402,2.64,300,386,135,86,49,16.4,0
48,10,15,14,821,5,45.80,1.241,-5.168,0.416,2.98,337,405,79,39,40,9.6,0
48,10,20,3,821,5,44.82,0.755,-1.557,0.406,1.86,158,356,307,210,97,37.4,0
48,10,20,7,821,5,43.00,1.219,-10.040,0.455,2.68,227,417,177,126,51,21.6,0
48,10,20,14,821,5,40.80,1.460,-10.040,0.478,3.05,262,443,116,73,43,14.1,0
48,10,30,3,821,5,43.00,0.642,-2.262,0.437,1.47,55,370,396,298,98,48.2,0
48,10,30,7,821,5,39.95,1.427,-10.040,0.522,2.73,118,440,263,210,53,32.0,0
48,10,30,14,821,5,36.91,1.921,-10.040,0.567,3.39,161,474,186,142,44,22.7,0
48,15,3,3,821,5,79.29,0.159,2.960,0.212,0.75,639,104,78,12,66,9.5,2
48,15,3,7,821,5,82.46,0.196,2.960,0.219,0.89,670,113,38,7,31,4.6,2
48,15,3,14,821,5,83.19,0.211,2.960,0.221,0.95,679,117,25,4,21,3.0,2
48,15,5,3,821,5,71.99,0.530,4.960,0.263,2.02,556,138,127,35,92,15.5,2
48,15,5,7,821,5,75.15,0.534,4.960,0.276,1.93,597,158,66,20,46,8.0,2
48,15,5,14,821,5,76.25,0.621,4.960,0.279,2.22,619,163,39,7,32,4.8,2
48,15,8,3,821,5,63.82,0.681,7.960,0.326,2.09,436,182,203,88,115,24.7,2
48,15,8,7,821,5,65.65,0.582,7.960,0.351,1.66,497,222,102,42,60,12.4,2
48,15,8,14,821,5,66.14,0.633,7.960,0.360,1.76,523,236,62,20,42,7.6,2
48,15,10,3,821,5,60.66,0.879,4.298,0.360,2.44,387,202,232,111,121,28.3,1
48,15,10,7,821,5,62.36,0.901,9.960,0.389,2.32,449,244,128,63,65,15.6,1
48,15,10,14,821,5,62.36,0.951,9.960,0.401,2.37,483,263,75,29,46,9.1,1
48,15,15,3,821,5,54.45,0.972,1.578,0.425,2.29,268,238,315,179,136,38.4,0
48,15,15,7,821,5,55.18,1.268,3.157,0.471,2.69,354,294,173,99,74,21.1,0
48,15,15,14,821,5,54.93,1.500,6.940,0.491,3.06,400,318,103,51,52,12.5,0
48,15,20,3,821,5,51.52,0.937,0.603,0.466,2.01,180,256,385,243,142,46.9,0
48,15,20,7,821,5,50.67,1.328,0.132,0.532,2.50,267,326,228,149,79,27.8,0
48,15,20,14,821,5,49.33,1.538,-0.272,0.560,2.75,309,359,153,96,57,18.6,0
48,15,30,3,821,5,49.45,0.686,-0.142,0.497,1.38,62,269,490,344,146,59.7,0
48,15,30,7,821,5,47.02,1.367,-1.555,0.603,2.27,137,353,331,249,82,40.3,0
48,15,30,14,821,5,44.70,1.943,-5.070,0.659,2.95,196,395,230,171,59,28.0,0
48,20,3,3,821,5,81.85,0.232,2.960,0.236,0.98,660,75,86,12,74,10.5,0
48,20,3,7,821,5,85.63,0.272,2.960,0.247,1.10,696,84,41,7,34,5.0,0
48,20,3,14,821,5,86.36,0.250,2.960,0.252,0.99,705,89,27,4,23,3.3,0
48,20,5,3,821,5,74.91,0.557,4.960,0.295,1.89,578,104,139,37,102,16.9,1
48,20,5,7,821,5,78.93,0.606,4.960,0.312,1.94,627,121,73,21,52,8.9,1
48,20,5,14,821,5,80.27,0.681,4.960,0.317,2.15,652,127,42,7,35,5.1,1
48,20,8,3,821,5,66.87,0.630,7.960,0.365,1.73,456,141,224,93,131,27.3,1
48,20,8,7,821,5,69.91,0.592,7.960,0.397,1.49,530,175,116,44,72,14.1,1
48,20,8,14,821,5,70.77,0.580,7.960,0.412,1.41,561,192,68,20,48,8.3,1
48,20,10,3,821,5,63.58,0.770,6.256,0.401,1.92,405,158,258,117,141,31.4,1
48,20,10,7,821,5,66.75,0.889,9.960,0.438,2.03,482,196,143,66,77,17.4,1
48,20,10,14,821,5,67.11,0.877,9.960,0.457,1.92,521,217,83,30,53,10.1,1
48,20,15,3,821,5,57.37,0.793,2.622,0.470,1.69,281,187,353,190,163,43.0,0
48,20,15,7,821,5,59.56,1.235,7.741,0.528,2.34,384,240,197,105,92,24.0,0
48,20,15,14,821,5,59.81,1.349,14.960,0.556,2.43,436,269,116,55,61,14.1,0
48,20,20,3,821,5,54.69,0.772,1.445,0.511,1.51,188,200,433,261,172,52.7,0
48,20,20,7,821,5,54.69,1.117,2.286,0.594,1.88,286,271,264,163,101,32.2,0
48,20,20,14,821,5,53.96,1.210,4.101,0.632,1.91,339,312,170,104,66,20.7,0
48,20,30,3,821,5,52.74,0.559,0.814,0.543,1.03,66,209,546,367,179,66.5,0
48,20,30,7,821,5,51.52,1.306,0.401,0.668,1.96,148,292,381,275,106,46.4,0
48,20,30,14,821,5,50.06,1.864,0.093,0.736,2.53,218,340,263,193,70,32.0,0
48,25,3,3,821,5,82.95,0.187,2.960,0.261,0.72,669,57,95,12,83,11.6,0
48,25,3,7,821,5,86.97,0.250,2.960,0.271,0.92,707,64,50,7,43,6.1,0
48,25,3,14,821,5,87.94,0.199,2.960,0.281,0.71,718,71,32,4,28,3.9,0
48,25,5,3,821,5,76.00,0.438,4.960,0.325,1.35,587,82,152,37,115,18.5,1
48,25,5,7,821,5,80.39,0.467,4.960,0.346,1.35,639,95,87,21,66,10.6,1
48,25,5,14,821,5,82.34,0.594,4.960,0.353,1.68,669,104,48,7,41,5.8,1
48,25,8,3,821,5,68.45,0.589,7.960,0.396,1.49,468,110,243,94,149,29.6,1
48,25,8,7,821,5,72.47,0.611,7.960,0.433,1.41,549,135,137,46,91,16.7,1
48,25,8,14,821,5,73.93,0.562,7.960,0.454,1.24,586,156,79,21,58,9.6,1
48,25,10,3,821,5,65.29,0.675,9.960,0.436,1.55,416,126,279,120,159,34.0,1
48,25,10,7,821,5,69.31,0.853,9.960,0.478,1.79,500,154,167,69,98,20.3,1
48,25,10,14,821,5,70.40,0.847,9.960,0.503,1.68,546,178,97,32,65,11.8,1
48,25,15,3,821,5,59.07,0.658,2.993,0.507,1.30,289,149,383,196,187,46.7,0
48,25,15,7,821,5,62.48,1.224,9.967,0.571,2.14,400,190,231,113,118,28.1,0
48,25,15,14,821,5,63.58,1.360,14.960,0.607,2.24,460,223,138,62,76,16.8,0
48,25,20,3,821,5,56.52,0.627,2.090,0.549,1.14,192,161,468,272,196,57.0,0
48,25,20,7,821,5,57.98,1.187,4.162,0.640,1.85,302,215,304,174,130,37.0,0
48,25,20,14,821,5,57.86,1.177,7.402,0.691,1.70,362,263,196,113,83,23.9,0
48,25,30,3,821,5,54.81,0.506,1.390,0.581,0.87,69,166,586,381,205,71.4,0
48,25,30,7,821,5,55.30,1.480,2.177,0.714,2.07,155,231,435,299,136,53.0,0
48,25,30,14,821,5,54.20,1.980,3.200,0.799,2.48,236,288,297,209,88,36.2,0
48,30,3,3,821,5,84.04,0.322,2.960,0.271,1.19,677,43,101,13,88,12.3,0
48,30,3,7,821,5,88.31,0.365,2.960,0.286,1.28,718,49,54,7,47,6.6,0
48,30,3,14,821,5,89.28,0.267,2.960,0.300,0.89,729,56,36,4,32,4.4,0
48,30,5,3,821,5,77.22,0.535,4.960,0.343,1.56,594,64,163,40,123,19.9,1
48,30,5,7,821,5,82.10,0.581,4.960,0.368,1.58,653,76,92,21,71,11.2,1
48,30,5,14,821,5,84.17,0.667,4.960,0.379,1.76,684,84,53,7,46,6.5,1
48,30,8,3,821,5,69.79,0.782,7.960,0.413,1.89,476,84,261,97,164,31.8,1
48,30,8,7,821,5,75.27,0.926,7.960,0.456,2.03,569,107,145,49,96,17.7,1
48,30,8,14,821,5,76.74,0.873,7.960,0.481,1.81,609,123,89,21,68,10.8,1
48,30,10,3,821,5,66.63,0.846,9.960,0.457,1.85,424,98,299,123,176,36.4,1
48,30,10,7,821,5,72.23,1.193,9.960,0.505,2.36,521,123,177,72,105,21.6,1
48,30,10,14,821,5,73.45,1.208,9.960,0.533,2.27,571,142,108,32,76,13.2,1
48,30,15,3,821,5,60.66,0.851,3.235,0.531,1.60,295,117,409,203,206,49.8,0
48,30,15,7,821,5,65.53,1.585,14.960,0.604,2.62,420,155,246,118,128,30.0,0
48,30,15,14,821,5,66.99,1.769,14.960,0.646,2.74,486,183,152,64,88,18.5,0
48,30,20,3,821,5,58.22,0.863,2.474,0.574,1.50,197,126,498,281,217,60.7,0
48,30,20,7,821,5,61.14,1.642,6.207,0.675,2.43,319,173,329,183,146,40.1,0
48,30,20,14,821,5,61.39,1.619,11.117,0.738,2.19,387,218,216,117,99,26.3,0
48,30,30,3,821,5,56.39,0.686,1.807,0.607,1.13,71,131,619,392,227,75.4,0
48,30,30,7,821,5,58.34,1.882,3.363,0.749,2.51,163,187,471,316,155,57.4,0
48,30,30,14,821,5,57.49,2.326,5.363,0.849,2.74,249,241,331,223,108,40.3,0
48,40,3,3,821,5,84.53,0.220,2.960,0.307,0.72,681,30,110,13,97,13.4,0
48,40,3,7,821,5,89.16,0.216,2.960,0.333,0.65,725,39,57,7,50,6.9,0
48,40,3,14,821,5,90.38,0.185,2.960,0.344,0.54,738,41,42,4,38,5.1,0
48,40,5,3,821,5,78.20,0.607,4.960,0.372,1.63,602,40,179,40,139,21.8,0
48,40,5,7,821,5,83.92,0.651,4.960,0.411,1.59,668,56,97,21,76,11.8,0
48,40,5,14,821,5,86.36,0.799,4.960,0.421,1.90,702,59,60,7,53,7.3,0
48,40,8,3,821,5,70.89,0.819,7.960,0.449,1.82,485,54,282,97,185,34.3,0
48,40,8,7,821,5,77.47,1.033,7.960,0.506,2.04,587,78,156,49,107,19.0,0
48,40,8,14,821,5,79.66,1.075,7.960,0.532,2.02,630,87,104,24,80,12.7,0
48,40,10,3,821,5,67.60,0.778,9.960,0.501,1.55,431,66,324,124,200,39.5,0
48,40,10,7,821,5,74.42,1.229,9.960,0.562,2.19,539,92,190,72,118,23.1,0
48,40,10,14,821,5,76.49,1.328,9.960,0.593,2.24,592,104,125,36,89,15.2,0
48,40,15,3,821,5,61.51,0.660,3.498,0.581,1.13,299,81,441,206,235,53.7,0
48,40,15,7,821,5,67.72,1.491,14.960,0.672,2.22,436,117,268,120,148,32.6,0
48,40,15,14,821,5,70.40,1.857,14.960,0.719,2.58,510,137,174,68,106,21.2,0
48,40,20,3,821,5,59.20,0.677,2.710,0.626,1.08,200,88,533,286,247,64.9,0
48,40,20,7,821,5,63.46,1.498,7.835,0.746,2.01,330,132,359,191,168,43.7,0
48,40,20,14,821,5,65.29,1.703,17.836,0.820,2.08,408,166,247,128,119,30.1,0
48,40,30,3,821,5,57.49,0.515,2.231,0.656,0.79,71,91,659,401,258,80.3,0
48,40,30,7,821,5,61.02,1.838,5.019,0.818,2.25,168,140,513,333,180,62.5,0
48,40,30,14,821,5,62.00,2.736,8.191,0.930,2.94,263,181,377,246,131,45.9,0
48,50,3,3,821,5,84.77,0.148,2.960,0.338,0.44,683,24,114,13,101,13.9,0
48,50,3,7,821,5,89.65,0.043,2.960,0.379,0.11,729,33,59,7,52,7.2,0
48,50,3,14,821,5,90.86,-0.011,2.960,0.393,-0.03,742,36,43,4,39,5.2,0
48,50,5,3,821,5,78.56,0.606,4.960,0.397,1.53,605,29,187,40,147,22.8,0
48,50,5,7,821,5,84.53,0.542,4.960,0.455,1.19,673,44,104,21,83,12.7,0
48,50,5,14,821,5,87.33,0.696,4.960,0.470,1.48,710,49,62,7,55,7.6,0
48,50,8,3,821,5,71.25,0.725,7.960,0.482,1.50,487,39,295,98,197,35.9,0
48,50,8,7,821,5,78.08,0.795,7.960,0.561,1.42,592,62,167,49,118,20.3,0
48,50,8,14,821,5,80.63,0.810,7.960,0.593,1.37,638,73,110,24,86,13.4,0
48,50,10,3,821,5,67.97,0.681,9.960,0.534,1.27,433,47,341,125,216,41.5,0
48,50,10,7,821,5,75.27,1.028,9.960,0.618,1.66,546,73,202,72,130,24.6,0
48,50,10,14,821,5,77.71,1.059,9.960,0.658,1.61,601,86,134,37,97,16.3,0
48,50,15,3,821,5,62.12,0.792,3.509,0.603,1.31,302,52,467,208,259,56.9,0
48,50,15,7,821,5,68.82,1.330,14.960,0.731,1.82,444,92,285,121,164,34.7,0
48,50,15,14,821,5,71.99,1.530,14.960,0.792,1.93,519,114,188,72,116,22.9,0
48,50,20,3,821,5,60.05,0.997,2.892,0.640,1.56,202,54,565,291,274,68.8,0
48,50,20,7,821,5,64.56,1.387,8.133,0.802,1.73,336,101,384,194,190,46.8,0
48,50,20,14,821,5,67.11,1.515,19.960,0.889,1.70,417,132,272,134,138,33.1,0
48,50,30,3,821,5,58.34,0.863,2.261,0.670,1.29,72,56,693,407,286,84.4,0
48,50,30,7,821,5,62.24,1.762,5.635,0.872,2.02,170,106,545,341,204,66.4,0
48,50,30,14,821,5,64.07,2.735,9.215,0.997,2.74,271,142,408,255,153,49.7,0
72,10,3,3,814,12,75.55,0.116,2.960,0.180,0.65,598,155,61,17,44,7.5,5
72,10,3,7,814,12,77.15,0.166,2.960,0.183,0.90,623,164,27,5,22,3.3,5
72,10,3,14,814,12,77.89,0.169,2.960,0.185,0.91,631,167,16,3,13,2.0,5
72,10,5,3,814,12,66.83,0.356,4.960,0.227,1.57,502,207,105,42,63,12.9,3
72,10,5,7,814,12,68.06,0.373,4.960,0.236,1.58,539,229,46,15,31,5.7,3
72,10,5,14,814,12,68.67,0.395,4.960,0.238,1.66,551,233,30,8,22,3.7,3
72,10,8,3,814,12,58.72,0.658,4.681,0.282,2.33,397,259,158,81,77,19.4,2
72,10,8,7,814,12,59.46,0.755,7.960,0.296,2.55,445,291,78,39,39,9.6,2
72,10,8,14,814,12,59.71,0.786,7.960,0.301,2.61,467,301,46,19,27,5.7,2
72,10,10,3,814,12,55.41,0.846,2.051,0.313,2.71,346,284,184,105,79,22.6,1
72,10,10,7,814,12,55.16,0.927,4.978,0.331,2.80,396,323,95,53,42,11.7,1
72,10,10,14,814,12,54.91,0.965,9.960,0.339,2.85,424,338,52,23,29,6.4,1
72,10,15,3,814,12,49.14,0.904,-0.224,0.372,2.43,235,329,250,165,85,30.7,2
72,10,15,7,814,12,47.30,1.169,-2.189,0.405,2.88,305,383,126,80,46,15.5,2
72,10,15,14,814,12,46.56,1.288,-5.943,0.419,3.08,333,403,78,46,32,9.6,2
72,10,20,3,814,12,46.56,0.897,-1.071,0.405,2.22,147,345,322,232,90,39.6,0
72,10,20,7,814,12,42.63,1.087,-10.040,0.456,2.38,219,418,177,128,49,21.7,0
72,10,20,14,814,12,41.15,1.433,-10.040,0.482,2.97,263,445,106,72,34,13.0,0
72,10,30,3,814,12,44.59,0.552,-1.855,0.426,1.30,45,358,411,318,93,50.5,0
72,10,30,7,814,12,38.33,0.678,-10.040,0.507,1.34,102,452,260,210,50,31.9,0
72,10,30,14,814,12,34.89,0.940,-10.040,0.553,1.70,140,494,180,144,36,22.1,0
72,15,3,3,814,12,80.34,0.215,2.960,0.211,1.02,636,100,78,18,60,9.6,1
72,15,3,7,814,12,83.05,0.369,2.960,0.213,1.73,671,105,38,5,33,4.7,1
72,15,3,14,814,12,84.28,0.362,2.960,0.217,1.67,682,109,23,4,19,2.8,1
72,15,5,3,814,12,72.36,0.540,4.960,0.262,2.06,544,134,136,45,91,16.7,0
72,15,5,7,814,12,75.55,0.697,4.960,0.272,2.56,597,149,68,18,50,8.4,0
72,15,5,14,814,12,77.03,0.716,4.960,0.278,2.57,618,157,39,9,30,4.8,0
72,15,8,3,814,12,64.74,0.838,7.960,0.324,2.58,437,174,203,90,113,24.9,1
72,15,8,7,814,12,67.44,1.099,7.960,0.343,3.21,503,199,112,46,66,13.8,1
72,15,8,14,814,12,68.30,1.051,7.960,0.356,2.95,536,219,59,20,39,7.2,1
72,15,10,3,814,12,62.04,1.169,5.033,0.356,3.28,388,187,239,117,122,29.4,0
72,15,10,7,814,12,63.64,1.394,9.960,0.381,3.66,455,222,137,63,74,16.8,0
72,15,10,14,814,12,64.37,1.375,9.960,0.398,3.45,496,247,71,28,43,8.7,0
72,15,15,3,814,12,56.02,1.233,1.856,0.423,2.91,264,225,325,192,133,39.9,1
72,15,15,7,814,12,56.14,1.688,3.932,0.469,3.60,362,277,175,95,80,21.5,1
72,15,15,14,814,12,56.14,1.758,9.056,0.491,3.58,400,306,108,57,51,13.3,1
72,15,20,3,814,12,53.19,1.212,0.959,0.460,2.64,168,238,408,265,143,50.1,0
72,15,20,7,814,12,51.84,1.805,0.995,0.529,3.41,269,303,242,153,89,29.7,0
72,15,20,14,814,12,50.98,2.011,0.860,0.564,3.56,320,345,149,95,54,18.3,0
72,15,30,3,814,12,51.35,0.906,0.297,0.486,1.86,54,248,512,364,148,62.9,0
72,15,30,7,814,12,48.03,1.447,-0.996,0.589,2.45,126,332,356,265,91,43.7,0
72,15,30,14,814,12,44.59,1.640,-6.082,0.656,2.50,182,393,239,181,58,29.4,0
72,20,3,3,814,12,82.06,0.114,2.960,0.242,0.47,650,77,87,18,69,10.7,0
72,20,3,7,814,12,85.01,0.213,2.960,0.250,0.85,687,85,42,5,37,5.2,0
72,20,3,14,814,12,86.24,0.187,2.960,0.255,0.73,698,90,26,4,22,3.2,0
72,20,5,3,814,12,74.82,0.510,4.960,0.294,1.73,562,101,151,47,104,18.6,0
72,20,5,7,814,12,78.62,0.603,4.960,0.312,1.93,621,118,75,19,56,9.2,0
72,20,5,14,814,12,80.10,0.563,4.960,0.322,1.75,643,129,42,9,33,5.2,0
72,20,8,3,814,12,67.57,0.847,7.960,0.360,2.36,457,130,227,93,134,27.9,1
72,20,8,7,814,12,71.25,1.093,7.960,0.385,2.84,532,154,128,48,80,15.7,1
72,20,8,14,814,12,72.48,0.999,7.960,0.404,2.47,569,175,70,21,49,8.6,1
72,20,10,3,814,12,64.99,1.207,7.516,0.391,3.09,405,139,270,124,146,33.2,0
72,20,10,7,814,12,67.94,1.483,9.960,0.424,3.49,486,170,158,67,91,19.4,0
72,20,10,14,814,12,69.16,1.398,9.960,0.449,3.12,532,197,85,31,54,10.4,0
72,20,15,3,814,12,59.34,1.315,2.999,0.463,2.84,279,170,365,204,161,44.8,1
72,20,15,7,814,12,61.18,1.858,8.184,0.520,3.57,392,215,207,106,101,25.4,1
72,20,15,14,814,12,61.43,1.840,14.960,0.550,3.34,437,250,127,63,64,15.6,1
72,20,20,3,814,12,56.63,1.362,1.935,0.503,2.71,183,181,450,278,172,55.3,0
72,20,20,7,814,12,57.00,2.034,3.483,0.582,3.50,293,236,285,171,114,35.0,0
72,20,20,14,814,12,56.02,2.024,6.569,0.630,3.21,352,287,175,104,71,21.5,0
72,20,30,3,814,12,54.91,1.073,1.276,0.532,2.02,59,189,566,388,178,69.5,0
72,20,30,7,814,12,52.95,1.630,1.374,0.651,2.50,141,264,409,290,119,50.2,0
72,20,30,14,814,12,49.51,1.622,-0.193,0.733,2.21,207,333,274,196,78,33.7,0
72,25,3,3,814,12,83.05,0.030,2.960,0.270,0.11,658,63,93,18,75,11.4,0
72,25,3,7,814,12,86.49,0.143,2.960,0.281,0.51,699,70,45,5,40,5.5,0
72,25,3,14,814,12,87.96,0.163,2.960,0.284,0.57,712,72,30,4,26,3.7,0
72,25,5,3,814,12,75.80,0.351,4.960,0.327,1.07,570,84,160,47,113,19.7,0
72,25,5,7,814,12,80.22,0.491,4.960,0.347,1.41,634,97,83,19,64,10.2,0
72,25,5,14,814,12,82.31,0.573,4.960,0.354,1.62,661,101,52,9,43,6.4,0
72,25,8,3,814,12,68.67,0.679,7.960,0.394,1.72,466,108,240,93,147,29.5,1
72,25,8,7,814,12,73.46,1.055,7.960,0.423,2.50,549,126,139,49,90,17.1,1
72,25,8,14,814,12,75.55,1.061,7.960,0.441,2.40,592,140,82,23,59,10.1,1
72,25,10,3,814,12,66.09,0.997,9.960,0.428,2.33,412,117,285,126,159,35.0,0
72,25,10,7,814,12,70.27,1.460,9.960,0.464,3.15,504,140,170,68,102,20.9,0
72,25,10,14,814,12,72.48,1.468,9.960,0.490,3.00,557,160,97,33,64,11.9,0
72,25,15,3,814,12,60.69,1.043,3.324,0.502,2.08,285,143,386,209,177,47.4,1
72,25,15,7,814,12,63.64,1.721,12.877,0.565,3.05,406,179,229,112,117,28.1,1
72,25,15,14,814,12,64.86,1.820,14.960,0.600,3.04,458,208,148,70,78,18.2,1
72,25,20,3,814,12,57.99,1.048,2.182,0.542,1.93,186,152,476,286,190,58.5,0
72,25,20,7,814,12,59.71,1.923,4.798,0.629,3.06,304,198,312,182,130,38.3,0
72,25,20,14,814,12,60.07,2.156,9.341,0.683,3.16,375,239,200,114,86,24.6,0
72,25,30,3,814,12,56.27,0.823,1.635,0.569,1.45,61,156,597,397,200,73.3,0
72,25,30,7,814,12,56.63,1.806,2.902,0.700,2.58,150,217,447,311,136,54.9,0
72,25,30,14,814,12,54.42,2.162,2.532,0.792,2.73,227,273,314,216,98,38.6,0
72,30,3,3,814,12,84.28,0.180,2.960,0.280,0.64,668,45,101,18,83,12.4,0
72,30,3,7,814,12,87.84,0.291,2.960,0.294,0.99,710,53,51,5,46,6.3,0
72,30,3,14,814,12,89.68,0.289,2.960,0.303,0.95,726,58,30,4,26,3.7,0
72,30,5,3,814,12,77.03,0.502,4.960,0.341,1.47,580,62,172,47,125,21.1,0
72,30,5,7,814,12,82.06,0.709,4.960,0.364,1.95,649,74,91,19,72,11.2,0
72,30,5,14,814,12,84.64,0.801,4.960,0.374,2.14,680,81,53,9,44,6.5,0
72,30,8,3,814,12,69.90,0.774,7.960,0.414,1.87,473,82,259,96,163,31.8,1
72,30,8,7,814,12,75.43,1.233,7.960,0.447,2.75,565,100,149,49,100,18.3,1
72,30,8,14,814,12,78.26,1.321,7.960,0.468,2.82,613,113,88,24,64,10.8,1
72,30,10,3,814,12,67.44,1.124,9.960,0.447,2.52,419,88,307,130,177,37.7,0
72,30,10,7,814,12,72.36,1.700,9.960,0.488,3.48,520,110,184,69,115,22.6,0
72,30,10,14,814,12,75.43,1.806,9.960,0.518,3.49,579,128,107,35,72,13.1,0
72,30,15,3,814,12,62.29,1.249,3.777,0.521,2.39,290,106,418,217,201,51.4,0
72,30,15,7,814,12,66.34,2.157,14.960,0.593,3.64,426,141,247,114,133,30.3,0
72,30,15,14,814,12,68.67,2.388,14.960,0.633,3.77,485,168,161,74,87,19.8,0
72,30,20,3,814,12,59.71,1.277,2.792,0.561,2.28,189,113,512,297,215,62.9,0
72,30,20,7,814,12,62.29,2.360,6.107,0.660,3.57,319,157,338,188,150,41.5,0
72,30,20,14,814,12,64.25,2.886,14.748,0.720,4.01,400,193,221,123,98,27.1,0
72,30,30,3,814,12,57.99,1.053,2.031,0.590,1.78,63,117,634,409,225,77.9,0
72,30,30,7,814,12,59.34,2.328,3.969,0.737,3.16,160,174,480,323,157,59.0,0
72,30,30,14,814,12,58.35,2.872,5.940,0.839,3.42,245,225,344,230,114,42.3,0
72,40,3,3,814,12,85.01,0.241,2.960,0.306,0.79,674,30,110,18,92,13.5,0
72,40,3,7,814,12,89.19,0.417,2.960,0.320,1.30,721,35,58,5,53,7.1,0
72,40,3,14,814,12,91.15,0.310,2.960,0.342,0.91,738,41,35,4,31,4.3,0
72,40,5,3,814,12,78.01,0.625,4.960,0.369,1.70,588,41,185,47,138,22.7,0
72,40,5,7,814,12,84.03,0.927,4.960,0.395,2.35,665,50,99,19,80,12.2,0
72,40,5,14,814,12,86.98,0.966,4.960,0.414,2.33,698,56,60,10,50,7.4,0
72,40,8,3,814,12,71.25,0.945,7.960,0.446,2.12,483,55,276,97,179,33.9,0
72,40,8,7,814,12,77.64,1.369,7.960,0.494,2.77,583,72,159,49,110,19.5,0
72,40,8,14,814,12,80.71,1.383,7.960,0.523,2.65,632,82,100,25,75,12.3,0
72,40,10,3,814,12,68.80,1.365,9.960,0.477,2.87,429,58,327,131,196,40.2,0
72,40,10,7,814,12,74.69,1.879,9.960,0.535,3.51,539,79,196,69,127,24.1,0
72,40,10,14,814,12,78.13,1.994,9.960,0.570,3.50,600,91,123,36,87,15.1,0
72,40,15,3,814,12,63.51,1.367,3.865,0.558,2.45,295,71,448,222,226,55.0,0
72,40,15,7,814,12,68.55,2.171,14.960,0.652,3.33,441,104,269,117,152,33.0,0
72,40,15,14,814,12,71.38,2.367,14.960,0.702,3.37,505,125,184,76,108,22.6,0
72,40,20,3,814,12,60.93,1.371,3.050,0.599,2.29,192,76,546,304,242,67.1,0
72,40,20,7,814,12,64.37,2.211,7.091,0.725,3.05,327,118,369,197,172,45.3,0
72,40,20,14,814,12,67.08,2.851,19.960,0.793,3.60,416,144,254,130,124,31.2,0
72,40,30,3,814,12,59.46,1.232,2.250,0.626,1.97,63,78,673,421,252,82.7,0
72,40,30,7,814,12,61.79,2.288,5.057,0.801,2.86,166,129,519,337,182,63.8,0
72,40,30,14,814,12,61.79,3.061,7.697,0.916,3.34,258,167,389,245,144,47.8,0
72,50,3,3,814,12,85.38,0.130,2.960,0.343,0.38,677,25,112,18,94,13.8,0
72,50,3,7,814,12,89.80,0.334,2.960,0.359,0.93,726,29,59,5,54,7.2,0
72,50,3,14,814,12,91.89,0.229,2.960,0.384,0.60,744,34,36,4,32,4.4,0
72,50,5,3,814,12,78.26,0.438,4.960,0.412,1.06,590,34,190,47,143,23.3,0
72,50,5,7,814,12,84.77,0.775,4.960,0.443,1.75,671,41,102,19,83,12.5,0
72,50,5,14,814,12,87.96,0.902,4.960,0.460,1.96,706,46,62,10,52,7.6,0
72,50,8,3,814,12,71.62,0.819,7.960,0.486,1.69,486,42,286,97,189,35.1,0
72,50,8,7,814,12,78.75,1.218,7.960,0.546,2.23,590,58,166,51,115,20.4,0
72,50,8,14,814,12,82.06,1.278,7.960,0.578,2.21,642,68,104,26,78,12.8,0
72,50,10,3,814,12,69.16,1.275,9.960,0.512,2.49,431,43,340,132,208,41.8,0
72,50,10,7,814,12,75.80,1.769,9.960,0.585,3.02,546,62,206,71,135,25.3,0
72,50,10,14,814,12,79.61,1.877,9.960,0.629,2.99,611,76,127,37,90,15.6,0
72,50,15,3,814,12,63.88,1.209,4.233,0.596,2.03,295,53,466,225,241,57.2,0
72,50,15,7,814,12,69.78,1.945,14.960,0.709,2.75,445,82,287,123,164,35.3,0
72,50,15,14,814,12,72.97,2.146,14.960,0.772,2.78,516,104,194,78,116,23.8,0
72,50,20,3,814,12,61.30,1.194,3.143,0.637,1.87,192,57,565,307,258,69.4,0
72,50,20,7,814,12,65.60,1.900,7.398,0.783,2.43,328,94,392,206,186,48.2,0
72,50,20,14,814,12,68.43,2.534,19.960,0.866,2.93,423,120,271,134,137,33.3,0
72,50,30,3,814,12,59.95,1.169,2.444,0.659,1.77,63,57,694,425,269,85.3,0
72,50,30,7,814,12,63.39,2.116,5.190,0.853,2.48,167,100,547,349,198,67.2,0
72,50,30,14,814,12,63.64,2.904,8.524,0.984,2.95,262,136,416,256,160,51.1,0