entryH,SL,TP,maxHold,n,skipped,winRate,avgPnL,medPnL,tpCount,slCount,timeoutCount,timeoutWin,timeoutLoss,timeoutRate,bothTouched
6,10,3,3,485,0,62.06,-0.608,2.960,266,89,130,35,95,26.8,16
6,10,3,7,485,0,66.39,-0.633,2.960,304,101,80,18,62,16.5,16
6,10,3,14,485,0,66.60,-0.733,2.960,319,114,52,4,48,10.7,16
6,10,5,3,485,0,56.91,-0.289,1.393,209,102,174,67,107,35.9,11
6,10,5,7,485,0,59.38,-0.389,4.960,247,122,116,41,75,23.9,11
6,10,5,14,485,0,58.14,-0.495,4.960,269,139,77,13,64,15.9,11
6,10,8,3,485,0,52.37,0.129,0.357,162,113,210,92,118,43.3,5
6,10,8,7,485,0,53.61,0.057,1.002,193,137,155,67,88,32.0,5
6,10,8,14,485,0,51.55,-0.133,0.520,212,160,113,38,75,23.3,5
6,10,10,3,485,0,48.87,-0.082,-0.126,120,128,237,117,120,48.9,3
6,10,10,7,485,0,49.28,-0.073,-0.239,160,156,169,79,90,34.8,3
6,10,10,14,485,0,46.19,-0.340,-1.142,177,182,126,47,79,26.0,3
6,10,15,3,485,0,45.77,0.220,-0.561,87,138,260,135,125,53.6,1
6,10,15,7,485,0,45.98,0.267,-1.090,110,169,206,113,93,42.5,1
6,10,15,14,485,0,42.06,0.030,-2.337,125,200,160,79,81,33.0,1
6,10,20,3,485,0,43.92,0.340,-0.794,67,147,271,146,125,55.9,2
6,10,20,7,485,0,43.30,0.294,-1.622,80,180,225,130,95,46.4,2
6,10,20,14,485,0,38.76,0.011,-3.754,91,213,181,97,84,37.3,2
6,10,30,3,485,0,41.03,0.262,-1.136,41,161,283,158,125,58.4,1
6,10,30,7,485,0,40.00,0.264,-2.801,49,196,240,145,95,49.5,1
6,10,30,14,485,0,35.26,0.012,-6.665,57,230,198,114,84,40.8,1
6,15,3,3,485,0,66.60,-0.538,2.960,288,56,141,35,106,29.1,10
6,15,3,7,485,0,71.55,-0.558,2.960,329,63,93,18,75,19.2,10
6,15,3,14,485,0,72.78,-0.564,2.960,348,69,68,5,63,14.0,10
6,15,5,3,485,0,62.06,-0.123,3.255,234,65,186,67,119,38.4,5
6,15,5,7,485,0,64.95,-0.225,4.960,274,75,136,41,95,28.0,5
6,15,5,14,485,0,65.36,-0.172,4.960,303,84,98,14,84,20.2,5
6,15,8,3,485,0,57.11,0.247,1.268,184,77,224,93,131,46.2,1
6,15,8,7,485,0,58.97,0.206,2.768,218,88,179,68,111,36.9,1
6,15,8,14,485,0,58.56,0.193,6.705,241,100,144,43,101,29.7,1
6,15,10,3,485,0,53.20,-0.137,0.457,139,94,252,119,133,52.0,1
6,15,10,7,485,0,54.23,-0.084,1.239,183,106,196,80,116,40.4,1
6,15,10,14,485,0,53.20,-0.135,1.561,204,122,159,54,105,32.8,1
6,15,15,3,485,0,49.90,0.264,-0.012,104,102,279,138,141,57.5,0
6,15,15,7,485,0,51.34,0.464,0.319,132,116,237,117,120,48.9,0
6,15,15,14,485,0,49.69,0.535,-0.168,152,133,200,89,111,41.2,0
6,15,20,3,485,0,48.45,0.541,-0.154,83,109,293,152,141,60.4,0
6,15,20,7,485,0,48.66,0.569,-0.351,99,126,260,137,123,53.6,0
6,15,20,14,485,0,46.60,0.624,-0.953,113,145,227,113,114,46.8,0
6,15,30,3,485,0,44.95,0.252,-0.631,49,125,311,169,142,64.1,0
6,15,30,7,485,0,44.33,0.298,-1.366,61,146,278,154,124,57.3,0
6,15,30,14,485,0,42.06,0.411,-1.910,71,165,249,133,116,51.3,0
6,20,3,3,485,0,69.07,-0.396,2.960,300,35,150,35,115,30.9,3
6,20,3,7,485,0,74.85,-0.342,2.960,345,41,99,18,81,20.4,3
6,20,3,14,485,0,76.91,-0.206,2.960,368,43,74,5,69,15.3,3
6,20,5,3,485,0,63.92,-0.180,4.960,243,47,195,67,128,40.2,2
6,20,5,7,485,0,67.42,-0.257,4.960,285,55,145,42,103,29.9,2
6,20,5,14,485,0,68.45,-0.065,4.960,317,59,109,15,94,22.5,2
6,20,8,3,485,0,58.56,0.021,1.443,191,60,234,93,141,48.2,1
6,20,8,7,485,0,60.82,-0.051,3.293,225,70,190,70,120,39.2,1
6,20,8,14,485,0,60.82,0.065,7.960,251,77,157,44,113,32.4,1
6,20,10,3,485,0,55.26,-0.287,0.924,149,72,264,119,145,54.4,1
6,20,10,7,485,0,56.70,-0.311,1.964,193,85,207,82,125,42.7,1
6,20,10,14,485,0,55.67,-0.285,2.602,215,95,175,55,120,36.1,1
6,20,15,3,485,0,52.16,0.228,0.326,114,78,293,139,154,60.4,0
6,20,15,7,485,0,54.23,0.380,1.017,144,93,248,119,129,51.1,0
6,20,15,14,485,0,52.78,0.572,1.189,164,103,218,92,126,44.9,0
6,20,20,3,485,0,50.93,0.565,0.227,92,84,309,155,154,63.7,0
6,20,20,7,485,0,51.55,0.468,0.379,109,102,274,141,133,56.5,0
6,20,20,14,485,0,49.90,0.687,-0.120,124,114,247,118,129,50.9,0
6,20,30,3,485,0,47.22,0.231,-0.300,57,99,329,172,157,67.8,0
6,20,30,7,485,0,47.63,0.321,-0.592,71,120,294,160,134,60.6,0
6,20,30,14,485,0,45.36,0.495,-1.177,82,134,269,138,131,55.5,0
6,25,3,3,485,0,70.31,-0.402,2.960,306,28,151,35,116,31.1,1
6,25,3,7,485,0,76.08,-0.359,2.960,351,31,103,18,85,21.2,1
6,25,3,14,485,0,78.76,-0.116,2.960,377,33,75,5,70,15.5,1
6,25,5,3,485,0,65.15,-0.249,4.960,249,39,197,67,130,40.6,1
6,25,5,7,485,0,68.66,-0.365,4.960,291,43,151,42,109,31.1,1
6,25,5,14,485,0,70.31,-0.076,4.960,326,48,111,15,96,22.9,1
6,25,8,3,485,0,60.21,0.054,1.880,199,48,238,93,145,49.1,1
6,25,8,7,485,0,62.47,-0.123,4.319,233,55,197,70,127,40.6,1
6,25,8,14,485,0,63.09,0.135,7.960,261,62,162,45,117,33.4,1
6,25,10,3,485,0,56.91,-0.294,1.137,157,59,269,119,150,55.5,1
6,25,10,7,485,0,58.56,-0.372,2.485,202,67,216,82,134,44.5,1
6,25,10,14,485,0,58.35,-0.185,4.216,225,76,184,58,126,37.9,1
6,25,15,3,485,0,53.40,0.123,0.507,120,66,299,139,160,61.6,0
6,25,15,7,485,0,55.67,0.185,1.390,151,76,258,119,139,53.2,0
6,25,15,14,485,0,55.05,0.528,2.072,172,86,227,95,132,46.8,0
6,25,20,3,485,0,52.16,0.431,0.326,97,72,316,156,160,65.2,0
6,25,20,7,485,0,52.99,0.252,0.807,116,85,284,141,143,58.6,0
6,25,20,14,485,0,52.16,0.612,0.684,132,97,256,121,135,52.8,0
6,25,30,3,485,0,48.66,0.051,-0.138,60,86,339,176,163,69.9,0
6,25,30,7,485,0,49.28,0.086,-0.239,75,101,309,164,145,63.7,0
6,25,30,14,485,0,48.04,0.537,-0.583,90,115,280,143,137,57.7,0
6,30,3,3,485,0,70.93,-0.487,2.960,309,25,151,35,116,31.1,1
6,30,3,7,485,0,76.70,-0.459,2.960,354,27,104,18,86,21.4,1
6,30,3,14,485,0,79.38,-0.202,2.960,380,29,76,5,71,15.7,1
6,30,5,3,485,0,65.77,-0.404,4.960,252,35,198,67,131,40.8,1
6,30,5,7,485,0,69.28,-0.536,4.960,294,38,153,42,111,31.5,1
6,30,5,14,485,0,71.13,-0.200,4.960,330,42,113,15,98,23.3,2
6,30,8,3,485,0,61.03,-0.054,2.000,203,42,240,93,147,49.5,1
6,30,8,7,485,0,63.30,-0.300,5.060,237,48,200,70,130,41.2,1
6,30,8,14,485,0,64.12,-0.005,7.960,266,54,165,45,120,34.0,2
6,30,10,3,485,0,57.53,-0.469,1.312,160,51,274,119,155,56.5,1
6,30,10,7,485,0,59.59,-0.592,2.768,206,59,220,83,137,45.4,1
6,30,10,14,485,0,59.59,-0.319,5.248,231,66,188,58,130,38.8,1
6,30,15,3,485,0,54.02,-0.085,0.625,123,57,305,139,166,62.9,0
6,30,15,7,485,0,56.91,-0.016,1.917,155,67,263,121,142,54.2,0
6,30,15,14,485,0,56.49,0.400,2.602,177,75,233,97,136,48.0,0
6,30,20,3,485,0,52.78,0.342,0.398,100,59,326,156,170,67.2,0
6,30,20,7,485,0,54.23,-0.000,1.002,120,76,289,143,146,59.6,0
6,30,20,14,485,0,53.61,0.458,1.314,137,85,263,123,140,54.2,0
6,30,30,3,485,0,49.48,0.033,-0.053,63,71,351,177,174,72.4,0
6,30,30,7,485,0,50.72,-0.173,0.182,79,91,315,167,148,64.9,0
6,30,30,14,485,0,49.90,0.485,-0.120,94,101,290,148,142,59.8,0
6,40,3,3,485,0,71.75,-0.582,2.960,313,18,154,35,119,31.8,1
6,40,3,7,485,0,77.73,-0.523,2.960,359,20,106,18,88,21.9,1
6,40,3,14,485,0,80.41,-0.277,2.960,385,23,77,5,72,15.9,1
6,40,5,3,485,0,66.80,-0.529,4.960,257,26,202,67,135,41.6,1
6,40,5,7,485,0,70.72,-0.622,4.960,301,29,155,42,113,32.0,1
6,40,5,14,485,0,72.78,-0.188,4.960,338,32,115,15,100,23.7,1
6,40,8,3,485,0,62.47,-0.095,2.632,210,31,244,93,151,50.3,1
6,40,8,7,485,0,65.15,-0.261,7.960,246,35,204,70,134,42.1,1
6,40,8,14,485,0,66.39,0.174,7.960,277,39,169,45,124,34.8,1
6,40,10,3,485,0,59.38,-0.460,1.524,169,38,278,119,159,57.3,1
6,40,10,7,485,0,61.86,-0.507,3.374,217,43,225,83,142,46.4,1
6,40,10,14,485,0,62.06,-0.193,9.960,243,49,193,58,135,39.8,1
6,40,15,3,485,0,56.08,-0.029,0.992,131,43,311,141,170,64.1,0
6,40,15,7,485,0,59.38,0.115,2.562,166,50,269,122,147,55.5,0
6,40,15,14,485,0,59.18,0.578,3.912,190,57,238,97,141,49.1,0
6,40,20,3,485,0,54.64,0.254,0.785,105,46,334,160,174,68.9,0
6,40,20,7,485,0,55.88,-0.361,1.390,127,61,297,144,153,61.2,0
6,40,20,14,485,0,55.67,0.229,2.100,146,69,270,124,146,55.7,0
6,40,30,3,485,0,51.34,-0.165,0.282,67,57,361,182,179,74.4,0
6,40,30,7,485,0,52.37,-0.613,0.611,85,74,326,169,157,67.2,0
6,40,30,14,485,0,52.16,0.217,0.520,102,84,299,151,148,61.6,0
6,50,3,3,485,0,71.96,-0.610,2.960,314,14,157,35,122,32.4,1
6,50,3,7,485,0,78.35,-0.554,2.960,362,16,107,18,89,22.1,1
6,50,3,14,485,0,81.44,-0.192,2.960,390,17,78,5,73,16.1,1
6,50,5,3,485,0,67.63,-0.379,4.960,261,19,205,67,138,42.3,1
6,50,5,7,485,0,71.96,-0.485,4.960,307,22,156,42,114,32.2,1
6,50,5,14,485,0,74.43,0.072,4.960,346,23,116,15,101,23.9,1
6,50,8,3,485,0,63.30,-0.022,2.867,214,24,247,93,154,50.9,1
6,50,8,7,485,0,66.39,-0.211,7.960,252,28,205,70,135,42.3,1
6,50,8,14,485,0,68.04,0.340,7.960,285,30,170,45,125,35.1,1
6,50,10,3,485,0,60.21,-0.432,1.769,173,30,282,119,163,58.1,1
6,50,10,7,485,0,63.09,-0.451,4.327,223,34,228,83,145,47.0,1
6,50,10,14,485,0,63.71,-0.067,9.960,250,38,197,59,138,40.6,1
6,50,15,3,485,0,56.70,-0.099,1.089,134,35,316,141,175,65.2,0
6,50,15,7,485,0,60.41,0.104,2.831,171,40,274,122,152,56.5,0
6,50,15,14,485,0,60.82,0.693,4.422,197,44,244,98,146,50.3,0
6,50,20,3,485,0,55.05,0.045,0.834,106,38,341,161,180,70.3,0
6,50,20,7,485,0,56.91,-0.581,1.722,131,51,303,145,158,62.5,0
6,50,20,14,485,0,57.32,0.169,2.839,153,56,276,125,151,56.9,0
6,50,30,3,485,0,51.75,-0.502,0.311,68,48,369,183,186,76.1,0
6,50,30,7,485,0,53.61,-0.809,0.924,89,62,334,171,163,68.9,0
6,50,30,14,485,0,54.23,0.173,1.561,107,69,309,156,153,63.7,0
12,10,3,3,485,0,59.59,-0.737,2.960,249,92,144,40,104,29.7,7
12,10,3,7,485,0,63.71,-0.872,2.960,295,110,80,14,66,16.5,7
12,10,3,14,485,0,64.54,-1.002,2.960,308,125,52,5,47,10.7,7
12,10,5,3,485,0,54.43,-0.472,0.725,194,104,187,70,117,38.6,7
12,10,5,7,485,0,57.73,-0.519,4.960,246,130,109,34,75,22.5,7
12,10,5,14,485,0,58.35,-0.583,4.960,268,145,72,15,57,14.8,7
12,10,8,3,485,0,48.87,-0.328,-0.076,140,120,225,97,128,46.4,6
12,10,8,7,485,0,50.93,-0.283,0.332,185,152,148,62,86,30.5,6
12,10,8,14,485,0,50.72,-0.390,0.152,207,171,107,39,68,22.1,6
12,10,10,3,485,0,46.60,-0.244,-0.341,115,128,242,111,131,49.9,4
12,10,10,7,485,0,48.04,-0.250,-0.483,152,163,170,81,89,35.1,4
12,10,10,14,485,0,47.42,-0.314,-1.031,176,185,124,54,70,25.6,4
12,10,15,3,485,0,42.47,-0.330,-0.632,72,143,270,134,136,55.7,2
12,10,15,7,485,0,43.51,-0.270,-1.451,102,183,200,109,91,41.2,2
12,10,15,14,485,0,41.65,-0.430,-2.953,116,210,159,86,73,32.8,2
12,10,20,3,485,0,40.62,-0.338,-0.785,52,151,282,145,137,58.1,1
12,10,20,7,485,0,40.62,-0.536,-2.202,67,194,224,130,94,46.2,1
12,10,20,14,485,0,37.94,-0.611,-5.290,82,226,177,102,75,36.5,1
12,10,30,3,485,0,38.97,-0.305,-0.962,29,159,297,160,137,61.2,1
12,10,30,7,485,0,38.14,-0.558,-3.571,40,205,240,145,95,49.5,1
12,10,30,14,485,0,35.46,-0.454,-7.478,49,237,199,123,76,41.0,1
12,15,3,3,485,0,63.92,-0.740,2.960,270,57,158,40,118,32.6,3
12,15,3,7,485,0,68.66,-0.828,2.960,319,66,100,14,86,20.6,3
12,15,3,14,485,0,70.31,-0.920,2.960,335,75,75,6,69,15.5,3
12,15,5,3,485,0,58.76,-0.467,1.807,214,67,204,71,133,42.1,3
12,15,5,7,485,0,62.47,-0.522,4.960,269,81,135,34,101,27.8,3
12,15,5,14,485,0,64.12,-0.534,4.960,295,92,98,16,82,20.2,3
12,15,8,3,485,0,53.81,-0.217,0.538,162,79,244,99,145,50.3,3
12,15,8,7,485,0,56.49,-0.167,2.489,212,98,175,62,113,36.1,3
12,15,8,14,485,0,57.32,-0.197,4.482,236,111,138,42,96,28.5,3
12,15,10,3,485,0,51.34,-0.177,0.202,136,88,261,113,148,53.8,2
12,15,10,7,485,0,53.40,-0.146,1.269,176,107,202,83,119,41.6,2
12,15,10,14,485,0,54.02,-0.070,1.750,205,122,158,57,101,32.6,2
12,15,15,3,485,0,47.01,-0.281,-0.291,90,103,292,138,154,60.2,0
12,15,15,7,485,0,48.66,-0.213,-0.301,122,126,237,114,123,48.9,0
12,15,15,14,485,0,47.84,-0.279,-0.688,140,147,198,92,106,40.8,0
12,15,20,3,485,0,44.74,-0.415,-0.484,65,113,307,152,155,63.3,0
12,15,20,7,485,0,45.36,-0.530,-1.058,85,139,261,135,126,53.8,0
12,15,20,14,485,0,43.71,-0.483,-1.815,103,163,219,109,110,45.2,0
12,15,30,3,485,0,43.09,-0.316,-0.559,38,121,326,171,155,67.2,0
12,15,30,7,485,0,42.47,-0.501,-1.469,54,151,280,152,128,57.7,0
12,15,30,14,485,0,40.62,-0.331,-2.543,65,177,243,132,111,50.1,0
12,20,3,3,485,0,66.80,-0.598,2.960,284,39,162,40,122,33.4,2
12,20,3,7,485,0,71.96,-0.629,2.960,335,45,105,14,91,21.6,2
12,20,3,14,485,0,74.43,-0.635,2.960,355,49,81,6,75,16.7,2
12,20,5,3,485,0,61.65,-0.370,2.685,228,49,208,71,137,42.9,2
12,20,5,7,485,0,65.57,-0.435,4.960,283,58,144,35,109,29.7,2
12,20,5,14,485,0,67.63,-0.354,4.960,311,64,110,17,93,22.7,2
12,20,8,3,485,0,56.49,-0.198,0.956,175,61,249,99,150,51.3,2
12,20,8,7,485,0,59.38,-0.205,3.601,225,73,187,63,124,38.6,2
12,20,8,14,485,0,60.62,-0.163,7.960,251,83,151,43,108,31.1,2
12,20,10,3,485,0,53.81,-0.259,0.538,148,71,266,113,153,54.8,3
12,20,10,7,485,0,56.08,-0.285,2.140,188,83,214,84,130,44.1,3
12,20,10,14,485,0,57.32,-0.087,3.621,220,94,171,58,113,35.3,3
12,20,15,3,485,0,49.90,-0.236,-0.002,103,83,299,139,160,61.6,0
12,20,15,7,485,0,51.55,-0.341,0.397,135,100,250,115,135,51.5,0
12,20,15,14,485,0,51.55,-0.233,0.232,154,114,217,96,121,44.7,0
12,20,20,3,485,0,47.63,-0.339,-0.230,78,93,314,153,161,64.7,0
12,20,20,7,485,0,48.25,-0.618,-0.344,98,112,275,136,139,56.7,0
12,20,20,14,485,0,47.63,-0.359,-0.576,117,127,241,114,127,49.7,0
12,20,30,3,485,0,45.98,-0.154,-0.371,45,99,341,178,163,70.3,0
12,20,30,7,485,0,45.36,-0.535,-0.984,64,124,297,156,141,61.2,0
12,20,30,14,485,0,44.33,-0.189,-1.439,77,142,266,138,128,54.8,0
12,25,3,3,485,0,67.63,-0.673,2.960,288,32,165,40,125,34.0,2
12,25,3,7,485,0,72.99,-0.740,2.960,340,36,109,14,95,22.5,2
12,25,3,14,485,0,75.88,-0.615,2.960,362,37,86,6,80,17.7,2
12,25,5,3,485,0,62.89,-0.408,3.224,234,40,211,71,140,43.5,2
12,25,5,7,485,0,67.01,-0.503,4.960,290,45,150,35,115,30.9,2
12,25,5,14,485,0,69.48,-0.303,4.960,320,49,116,17,99,23.9,2
12,25,8,3,485,0,57.73,-0.267,1.231,181,50,254,99,155,52.4,2
12,25,8,7,485,0,60.82,-0.355,5.291,232,58,195,63,132,40.2,2
12,25,8,14,485,0,62.47,-0.183,7.960,260,66,159,43,116,32.8,2
12,25,10,3,485,0,55.46,-0.262,0.791,156,58,271,113,158,55.9,2
12,25,10,7,485,0,57.94,-0.365,2.568,197,66,222,84,138,45.8,2
12,25,10,14,485,0,59.59,-0.049,4.931,230,75,180,59,121,37.1,2
12,25,15,3,485,0,51.55,-0.256,0.202,110,68,307,140,167,63.3,0
12,25,15,7,485,0,53.81,-0.355,1.252,144,80,261,117,144,53.8,0
12,25,15,14,485,0,54.23,-0.062,1.337,165,91,229,98,131,47.2,0
12,25,20,3,485,0,49.48,-0.349,-0.018,84,77,324,156,168,66.8,0
12,25,20,7,485,0,50.72,-0.584,0.207,107,91,287,139,148,59.2,0
12,25,20,14,485,0,50.52,-0.159,0.121,127,103,255,118,137,52.6,0
12,25,30,3,485,0,47.84,-0.165,-0.193,49,83,353,183,170,72.8,0
12,25,30,7,485,0,48.04,-0.391,-0.355,71,102,312,162,150,64.3,0
12,25,30,14,485,0,47.42,0.119,-0.649,86,117,282,144,138,58.1,0
12,30,3,3,485,0,68.25,-0.774,2.960,291,28,166,40,126,34.2,1
12,30,3,7,485,0,73.61,-0.863,2.960,343,32,110,14,96,22.7,1
12,30,3,14,485,0,76.70,-0.724,2.960,366,33,86,6,80,17.7,1
12,30,5,3,485,0,63.71,-0.474,3.501,238,34,213,71,142,43.9,1
12,30,5,7,485,0,67.84,-0.580,4.960,294,38,153,35,118,31.5,1
12,30,5,14,485,0,70.52,-0.448,4.960,325,44,116,17,99,23.9,2
12,30,8,3,485,0,58.76,-0.287,1.407,186,42,257,99,158,53.0,1
12,30,8,7,485,0,61.86,-0.451,5.903,237,49,199,63,136,41.0,1
12,30,8,14,485,0,63.71,-0.305,7.960,266,57,162,43,119,33.4,2
12,30,10,3,485,0,56.29,-0.427,0.897,160,51,274,113,161,56.5,1
12,30,10,7,485,0,58.76,-0.606,3.210,201,58,226,84,142,46.6,1
12,30,10,14,485,0,60.62,-0.320,6.858,235,67,183,59,124,37.7,1
12,30,15,3,485,0,52.16,-0.575,0.221,113,62,310,140,170,63.9,0
12,30,15,7,485,0,54.43,-0.792,1.316,147,73,265,117,148,54.6,0
12,30,15,14,485,0,55.05,-0.559,1.750,168,84,233,99,134,48.0,0
12,30,20,3,485,0,50.31,-0.661,0.035,86,70,329,158,171,67.8,0
12,30,20,7,485,0,51.34,-1.084,0.382,110,83,292,139,153,60.2,0
12,30,20,14,485,0,51.34,-0.689,0.184,130,95,260,119,141,53.6,0
12,30,30,3,485,0,48.66,-0.485,-0.101,50,74,361,186,175,74.4,0
12,30,30,7,485,0,48.87,-0.820,-0.272,75,93,317,162,155,65.4,0
12,30,30,14,485,0,48.87,-0.106,-0.298,91,105,289,146,143,59.6,0
12,40,3,3,485,0,69.28,-0.843,2.960,296,22,167,40,127,34.4,1
12,40,3,7,485,0,75.05,-0.798,2.960,350,23,112,14,98,23.1,1
12,40,3,14,485,0,78.35,-0.623,2.960,374,23,88,6,82,18.1,1
12,40,5,3,485,0,64.95,-0.456,4.960,244,25,216,71,145,44.5,1
12,40,5,7,485,0,69.69,-0.424,4.960,303,27,155,35,120,32.0,1
12,40,5,14,485,0,72.99,-0.051,4.960,337,28,120,17,103,24.7,1
12,40,8,3,485,0,60.00,-0.345,1.734,192,31,262,99,163,54.0,1
12,40,8,7,485,0,63.71,-0.355,7.960,246,36,203,63,140,41.9,1
12,40,8,14,485,0,66.39,0.050,7.960,279,38,168,43,125,34.6,1
12,40,10,3,485,0,57.53,-0.613,1.216,166,39,280,113,167,57.7,1
12,40,10,7,485,0,60.62,-0.658,3.601,210,45,230,84,146,47.4,1
12,40,10,14,485,0,63.09,-0.221,9.960,247,49,189,59,130,39.0,1
12,40,15,3,485,0,53.40,-0.874,0.397,118,48,319,141,178,65.8,0
12,40,15,7,485,0,56.29,-1.029,1.887,156,59,270,117,153,55.7,0
12,40,15,14,485,0,57.53,-0.588,3.287,180,64,241,99,142,49.7,0
12,40,20,3,485,0,51.55,-1.073,0.202,91,56,338,159,179,69.7,0
12,40,20,7,485,0,53.20,-1.460,0.876,117,68,300,141,159,61.9,0
12,40,20,14,485,0,53.81,-0.812,1.103,140,74,271,121,150,55.9,0
12,40,30,3,485,0,50.10,-0.799,0.022,53,59,373,190,183,76.9,0
12,40,30,7,485,0,50.93,-1.063,0.332,83,76,326,164,162,67.2,0
12,40,30,14,485,0,51.55,-0.106,0.232,101,83,301,149,152,62.1,0
12,50,3,3,485,0,70.10,-0.738,2.960,300,16,169,40,129,34.8,1
12,50,3,7,485,0,75.88,-0.785,2.960,354,18,113,14,99,23.3,1
12,50,3,14,485,0,79.18,-0.564,2.960,378,18,89,6,83,18.4,1
12,50,5,3,485,0,65.36,-0.522,4.960,246,20,219,71,148,45.2,1
12,50,5,7,485,0,70.31,-0.525,4.960,306,22,157,35,122,32.4,1
12,50,5,14,485,0,73.61,-0.191,4.960,340,24,121,17,104,24.9,1
12,50,8,3,485,0,60.62,-0.404,1.863,195,25,265,99,166,54.6,1
12,50,8,7,485,0,64.54,-0.468,7.960,250,29,206,63,143,42.5,1
12,50,8,14,485,0,67.22,-0.159,7.960,283,33,169,43,126,34.8,1
12,50,10,3,485,0,58.14,-0.843,1.231,168,33,284,114,170,58.6,1
12,50,10,7,485,0,61.44,-0.940,3.953,214,38,233,84,149,48.0,1
12,50,10,14,485,0,63.92,-0.593,9.960,251,43,191,59,132,39.4,1
12,50,15,3,485,0,54.23,-1.092,0.538,121,40,324,142,182,66.8,0
12,50,15,7,485,0,57.32,-1.304,2.140,161,49,275,117,158,56.7,0
12,50,15,14,485,0,58.76,-0.945,3.621,186,55,244,99,145,50.3,0
12,50,20,3,485,0,52.37,-1.167,0.244,94,45,346,160,186,71.3,0
12,50,20,7,485,0,54.64,-1.563,1.269,122,55,308,143,165,63.5,0
12,50,20,14,485,0,55.67,-0.919,2.031,147,62,276,123,153,56.9,0
12,50,30,3,485,0,50.72,-1.006,0.068,53,47,385,193,192,79.4,0
12,50,30,7,485,0,52.16,-1.339,0.547,86,63,336,167,169,69.3,0
12,50,30,14,485,0,53.40,-0.281,0.888,107,71,307,152,155,63.3,0
24,10,3,3,482,3,63.49,-0.306,2.960,268,72,142,38,104,29.5,9
24,10,3,7,482,3,67.22,-0.375,2.960,308,92,82,16,66,17.0,9
24,10,3,14,482,3,68.46,-0.482,2.960,320,104,58,10,48,12.0,9
24,10,5,3,482,3,59.13,0.107,1.714,211,84,187,74,113,38.8,6
24,10,5,7,482,3,61.20,0.056,4.960,260,108,114,35,79,23.7,6
24,10,5,14,482,3,62.03,-0.051,4.960,278,124,80,21,59,16.6,6
24,10,8,3,482,3,54.98,0.576,0.833,166,97,219,99,120,45.4,5
24,10,8,7,482,3,55.81,0.625,1.992,213,127,142,56,86,29.5,5
24,10,8,14,482,3,56.43,0.481,2.825,228,146,108,44,64,22.4,5
24,10,10,3,482,3,52.70,0.742,0.477,144,105,233,110,123,48.3,4
24,10,10,7,482,3,53.32,0.732,0.875,170,137,175,87,88,36.3,4
24,10,10,14,482,3,52.90,0.633,1.318,193,159,130,62,68,27.0,4
24,10,15,3,482,3,48.76,0.829,-0.105,93,122,267,142,125,55.4,2
24,10,15,7,482,3,48.13,0.795,-0.444,120,158,204,112,92,42.3,2
24,10,15,14,482,3,45.85,0.581,-1.413,135,187,160,86,74,33.2,2
24,10,20,3,482,3,46.27,0.729,-0.469,64,132,286,159,127,59.3,0
24,10,20,7,482,3,43.98,0.380,-1.462,80,176,226,132,94,46.9,0
24,10,20,14,482,3,41.08,0.133,-3.240,91,209,182,107,75,37.8,0
24,10,30,3,482,3,43.98,0.696,-0.705,35,143,304,177,127,63.1,0
24,10,30,7,482,3,41.29,0.491,-2.268,50,189,243,149,94,50.4,0
24,10,30,14,482,3,38.38,0.428,-4.754,60,222,200,125,75,41.5,0
24,15,3,3,482,3,67.22,-0.187,2.960,286,43,153,38,115,31.7,4
24,15,3,7,482,3,71.37,-0.275,2.960,328,53,101,16,85,21.0,4
24,15,3,14,482,3,73.24,-0.423,2.960,343,63,76,10,66,15.8,4
24,15,5,3,482,3,62.45,0.120,2.641,227,55,200,74,126,41.5,2
24,15,5,7,482,3,64.73,0.035,4.960,277,67,138,35,103,28.6,2
24,15,5,14,482,3,66.60,-0.035,4.960,299,78,105,22,83,21.8,2
24,15,8,3,482,3,57.68,0.404,1.309,178,71,233,100,133,48.3,2
24,15,8,7,482,3,58.71,0.409,3.381,227,87,168,56,112,34.9,2
24,15,8,14,482,3,60.58,0.345,7.960,246,100,136,46,90,28.2,2
24,15,10,3,482,3,55.60,0.599,0.936,157,77,248,111,137,51.5,2
24,15,10,7,482,3,56.64,0.567,1.992,185,95,202,88,114,41.9,2
24,15,10,14,482,3,57.26,0.543,2.919,212,109,161,64,97,33.4,2
24,15,15,3,482,3,52.28,0.729,0.423,104,91,287,148,139,59.5,1
24,15,15,7,482,3,51.66,0.607,0.315,134,114,234,115,119,48.5,1
24,15,15,14,482,3,50.62,0.575,0.142,154,131,197,90,107,40.9,1
24,15,20,3,482,3,49.59,0.589,-0.040,74,101,307,165,142,63.7,0
24,15,20,7,482,3,47.51,0.125,-0.466,93,131,258,136,122,53.5,0
24,15,20,14,482,3,45.85,0.041,-1.282,106,152,224,115,109,46.5,0
24,15,30,3,482,3,47.10,0.540,-0.331,42,111,329,185,144,68.3,0
24,15,30,7,482,3,44.61,0.240,-1.210,60,145,277,155,122,57.5,0
24,15,30,14,482,3,42.74,0.347,-2.186,73,166,243,133,110,50.4,0
24,20,3,3,482,3,68.67,-0.197,2.960,293,30,159,38,121,33.0,1
24,20,3,7,482,3,73.65,-0.186,2.960,337,37,108,18,90,22.4,1
24,20,3,14,482,3,75.93,-0.271,2.960,355,40,87,11,76,18.0,1
24,20,5,3,482,3,64.11,0.119,3.703,234,38,210,75,135,43.6,0
24,20,5,7,482,3,67.43,0.145,4.960,288,48,146,37,109,30.3,0
24,20,5,14,482,3,69.92,0.167,4.960,314,52,116,23,93,24.1,0
24,20,8,3,482,3,59.54,0.365,1.674,186,51,245,101,144,50.8,0
24,20,8,7,482,3,61.41,0.472,5.962,237,63,182,59,123,37.8,0
24,20,8,14,482,3,63.69,0.477,7.960,260,71,151,47,104,31.3,1
24,20,10,3,482,3,57.88,0.641,1.277,166,55,261,113,148,54.1,0
24,20,10,7,482,3,59.96,0.779,2.814,198,67,217,91,126,45.0,0
24,20,10,14,482,3,61.20,0.880,5.517,229,76,177,66,111,36.7,1
24,20,15,3,482,3,54.77,0.791,0.771,114,68,300,150,150,62.2,0
24,20,15,7,482,3,55.60,0.925,1.352,148,83,251,120,131,52.1,0
24,20,15,14,482,3,55.60,1.184,1.722,172,92,218,96,122,45.2,1
24,20,20,3,482,3,52.07,0.618,0.373,81,77,324,170,154,67.2,0
24,20,20,7,482,3,51.24,0.291,0.260,104,100,278,143,135,57.7,0
24,20,20,14,482,3,50.83,0.566,0.213,121,111,250,124,126,51.9,0
24,20,30,3,482,3,49.79,0.670,-0.026,47,86,349,193,156,72.4,0
24,20,30,7,482,3,48.34,0.467,-0.362,70,114,298,163,135,61.8,0
24,20,30,14,482,3,47.72,0.971,-0.665,86,125,271,144,127,56.2,0
24,25,3,3,482,3,69.50,-0.176,2.960,297,22,163,38,125,33.8,1
24,25,3,7,482,3,74.69,-0.210,2.960,342,28,112,18,94,23.2,1
24,25,3,14,482,3,77.59,-0.173,2.960,363,29,90,11,79,18.7,1
24,25,5,3,482,3,65.35,0.198,4.240,240,28,214,75,139,44.4,0
24,25,5,7,482,3,68.88,0.173,4.960,295,36,151,37,114,31.3,0
24,25,5,14,482,3,71.99,0.289,4.960,323,39,120,24,96,24.9,0
24,25,8,3,482,3,61.20,0.481,1.892,193,38,251,102,149,52.1,0
24,25,8,7,482,3,63.28,0.545,7.960,245,48,189,60,129,39.2,0
24,25,8,14,482,3,66.39,0.702,7.960,272,54,156,48,108,32.4,0
24,25,10,3,482,3,59.54,0.744,1.565,173,42,267,114,153,55.4,0
24,25,10,7,482,3,61.83,0.844,3.847,206,52,224,92,132,46.5,0
24,25,10,14,482,3,63.90,1.093,8.948,240,59,183,68,115,38.0,0
24,25,15,3,482,3,56.02,0.701,0.936,118,55,309,152,157,64.1,0
24,25,15,7,482,3,57.26,0.810,1.684,154,68,260,122,138,53.9,0
24,25,15,14,482,3,58.09,1.234,2.785,180,76,226,100,126,46.9,0
24,25,20,3,482,3,53.53,0.569,0.561,86,63,333,172,161,69.1,0
24,25,20,7,482,3,53.11,0.155,0.444,111,84,287,145,142,59.5,0
24,25,20,14,482,3,53.32,0.508,1.026,128,94,260,129,131,53.9,0
24,25,30,3,482,3,51.66,0.796,0.305,52,70,360,197,163,74.7,0
24,25,30,7,482,3,50.41,0.465,0.037,78,96,308,165,143,63.9,0
24,25,30,14,482,3,50.62,1.102,0.142,94,106,282,150,132,58.5,0
24,30,3,3,482,3,70.33,-0.076,2.960,301,15,166,38,128,34.4,1
24,30,3,7,482,3,75.73,-0.121,2.960,347,20,115,18,97,23.9,1
24,30,3,14,482,3,78.63,-0.047,2.960,368,22,92,11,81,19.1,1
24,30,5,3,482,3,66.39,0.319,4.960,244,20,218,76,142,45.2,0
24,30,5,7,482,3,69.92,0.213,4.960,300,27,155,37,118,32.2,0
24,30,5,14,482,3,73.03,0.384,4.960,328,31,123,24,99,25.5,0
24,30,8,3,482,3,62.45,0.653,2.048,197,27,258,104,154,53.5,0
24,30,8,7,482,3,64.52,0.579,7.960,250,37,195,61,134,40.5,0
24,30,8,14,482,3,67.63,0.835,7.960,278,43,161,48,113,33.4,0
24,30,10,3,482,3,60.79,0.892,1.674,177,31,274,116,158,56.8,0
24,30,10,7,482,3,62.86,0.774,4.490,210,42,230,93,137,47.7,0
24,30,10,14,482,3,64.94,1.116,9.960,245,49,188,68,120,39.0,0
24,30,15,3,482,3,57.88,1.064,1.233,124,40,318,155,163,66.0,0
24,30,15,7,482,3,58.71,0.879,2.058,160,54,268,123,145,55.6,0
24,30,15,14,482,3,59.75,1.439,3.596,187,62,233,101,132,48.3,0
24,30,20,3,482,3,55.39,0.930,0.833,89,46,347,178,169,72.0,0
24,30,20,7,482,3,54.36,-0.004,0.977,114,70,298,148,150,61.8,0
24,30,20,14,482,3,54.56,0.391,1.357,133,82,267,130,137,55.4,0
24,30,30,3,482,3,53.53,1.094,0.561,53,53,376,205,171,78.0,0
24,30,30,7,482,3,51.45,0.119,0.260,80,83,319,168,151,66.2,0
24,30,30,14,482,3,51.66,0.840,0.426,98,95,289,151,138,60.0,0
24,40,3,3,482,3,70.95,-0.070,2.960,304,11,167,38,129,34.6,0
24,40,3,7,482,3,76.76,0.008,2.960,352,12,118,18,100,24.5,0
24,40,3,14,482,3,79.88,0.080,2.960,374,14,94,11,83,19.5,0
24,40,5,3,482,3,66.80,0.172,4.960,246,16,220,76,144,45.6,0
24,40,5,7,482,3,70.75,0.273,4.960,304,17,161,37,124,33.4,0
24,40,5,14,482,3,74.48,0.489,4.960,335,21,126,24,102,26.1,0
24,40,8,3,482,3,63.07,0.473,2.225,200,22,260,104,156,53.9,0
24,40,8,7,482,3,65.77,0.655,7.960,256,25,201,61,140,41.7,0
24,40,8,14,482,3,69.50,1.037,7.960,287,29,166,48,118,34.4,0
24,40,10,3,482,3,61.41,0.688,1.804,180,25,277,116,161,57.5,0
24,40,10,7,482,3,64.11,0.771,5.403,216,30,236,93,143,49.0,0
24,40,10,14,482,3,66.80,1.231,9.960,254,35,193,68,125,40.0,0
24,40,15,3,482,3,58.51,0.648,1.262,125,34,323,157,166,67.0,0
24,40,15,7,482,3,59.96,0.690,2.499,166,42,274,123,151,56.8,0
24,40,15,14,482,3,61.62,1.425,4.310,196,47,239,101,138,49.6,0
24,40,20,3,482,3,56.64,0.744,1.007,92,37,353,181,172,73.2,0
24,40,20,7,482,3,56.22,-0.065,1.399,122,54,306,149,157,63.5,0
24,40,20,14,482,3,57.26,0.627,2.160,144,61,277,132,145,57.5,0
24,40,30,3,482,3,54.56,0.772,0.703,54,43,385,209,176,79.9,0
24,40,30,7,482,3,53.11,-0.233,0.416,84,67,331,172,159,68.7,0
24,40,30,14,482,3,54.15,0.874,1.310,105,74,303,156,147,62.9,0
24,50,3,3,482,3,71.37,0.000,2.960,306,8,168,38,130,34.9,1
24,50,3,7,482,3,77.39,0.122,2.960,355,8,119,18,101,24.7,1
24,50,3,14,482,3,80.50,0.119,2.960,377,11,94,11,83,19.5,1
24,50,5,3,482,3,67.43,0.261,4.960,249,12,221,76,145,45.9,0
24,50,5,7,482,3,71.58,0.410,4.960,308,12,162,37,125,33.6,0
24,50,5,14,482,3,75.31,0.510,4.960,339,17,126,24,102,26.1,0
24,50,8,3,482,3,63.49,0.569,2.488,202,16,264,104,160,54.8,0
24,50,8,7,482,3,66.60,0.786,7.960,260,18,204,61,143,42.3,0
24,50,8,14,482,3,70.54,1.037,7.960,292,24,166,48,118,34.4,0
24,50,10,3,482,3,61.62,0.732,1.846,181,18,283,116,167,58.7,0
24,50,10,7,482,3,64.73,0.792,5.578,219,22,241,93,148,50.0,0
24,50,10,14,482,3,67.84,1.196,9.960,259,29,194,68,126,40.2,0
24,50,15,3,482,3,58.71,0.516,1.277,126,27,329,157,172,68.3,0
24,50,15,7,482,3,60.58,0.493,2.638,169,34,279,123,156,57.9,0
24,50,15,14,482,3,62.66,1.193,4.825,201,41,240,101,139,49.8,0
24,50,20,3,482,3,56.85,0.560,1.041,93,30,359,181,178,74.5,0
24,50,20,7,482,3,56.85,-0.370,1.577,125,43,314,149,165,65.1,0
24,50,20,14,482,3,58.71,0.410,2.739,150,53,279,133,146,57.9,0
24,50,30,3,482,3,54.98,0.600,0.755,55,35,392,210,182,81.3,0
24,50,30,7,482,3,53.94,-0.542,0.682,86,54,342,174,168,71.0,0
24,50,30,14,482,3,55.81,0.641,1.550,111,65,306,158,148,63.5,0
48,10,3,3,478,7,63.60,-0.145,2.960,267,65,146,37,109,30.5,4
48,10,3,7,478,7,70.29,-0.105,2.960,319,84,75,17,58,15.7,4
48,10,3,14,478,7,70.71,-0.260,2.960,327,96,55,11,44,11.5,4
48,10,5,3,478,7,58.16,0.148,1.260,205,78,195,73,122,40.8,2
48,10,5,7,478,7,61.72,0.120,4.960,258,106,114,37,77,23.8,2
48,10,5,14,478,7,61.92,-0.039,4.960,275,121,82,21,61,17.2,2
48,10,8,3,478,7,51.26,-0.022,0.115,139,106,233,106,127,48.7,2
48,10,8,7,478,7,52.72,-0.055,0.653,184,141,153,68,85,32.0,2
48,10,8,14,478,7,52.51,-0.234,0.743,201,160,117,50,67,24.5,2
48,10,10,3,478,7,48.74,0.006,-0.113,116,114,248,117,131,51.9,1
48,10,10,7,478,7,49.58,-0.068,-0.060,153,153,172,84,88,36.0,1
48,10,10,14,478,7,48.95,-0.218,-0.308,170,176,132,64,68,27.6,1
48,10,15,3,478,7,44.77,-0.020,-0.566,82,133,263,132,131,55.0,0
48,10,15,7,478,7,44.35,-0.168,-1.270,100,175,203,112,91,42.5,0
48,10,15,14,478,7,42.68,-0.409,-3.072,113,205,160,91,69,33.5,1
48,10,20,3,478,7,42.05,-0.258,-0.840,52,146,280,149,131,58.6,0
48,10,20,7,478,7,41.00,-0.429,-2.127,67,190,221,129,92,46.2,0
48,10,20,14,478,7,39.12,-0.606,-4.740,79,221,178,108,70,37.2,1
48,10,30,3,478,7,40.38,-0.357,-1.069,25,154,299,168,131,62.6,0
48,10,30,7,478,7,38.70,-0.478,-3.111,37,201,240,148,92,50.2,0
48,10,30,14,478,7,35.98,-0.685,-7.310,49,235,194,123,71,40.6,0
48,15,3,3,478,7,65.69,-0.332,2.960,277,47,154,37,117,32.2,3
48,15,3,7,478,7,73.85,-0.144,2.960,336,53,89,17,72,18.6,3
48,15,3,14,478,7,74.69,-0.343,2.960,346,66,66,11,55,13.8,3
48,15,5,3,478,7,60.46,-0.039,1.735,215,55,208,74,134,43.5,2
48,15,5,7,478,7,65.48,0.086,4.960,274,68,136,39,97,28.5,2
48,15,5,14,478,7,66.74,-0.081,4.960,296,83,99,23,76,20.7,2
48,15,8,3,478,7,53.56,-0.416,0.430,149,82,247,107,140,51.7,2
48,15,8,7,478,7,56.69,-0.263,1.972,200,99,179,71,108,37.4,2
48,15,8,14,478,7,57.74,-0.420,2.772,220,116,142,56,86,29.7,2
48,15,10,3,478,7,51.26,-0.389,0.115,126,89,263,119,144,55.0,1
48,15,10,7,478,7,53.56,-0.286,0.671,166,107,205,90,115,42.9,1
48,15,10,14,478,7,54.60,-0.356,1.424,189,128,161,72,89,33.7,1
48,15,15,3,478,7,47.70,-0.371,-0.250,90,102,286,138,148,59.8,0
48,15,15,7,478,7,48.74,-0.376,-0.210,114,127,237,119,118,49.6,0
48,15,15,14,478,7,48.74,-0.484,-0.347,132,152,194,101,93,40.6,0
48,15,20,3,478,7,45.40,-0.579,-0.505,60,113,305,157,148,63.8,0
48,15,20,7,478,7,45.61,-0.595,-0.796,79,140,259,139,120,54.2,0
48,15,20,14,478,7,45.61,-0.599,-1.342,96,166,216,122,94,45.2,0
48,15,30,3,478,7,44.56,-0.477,-0.570,30,117,331,183,148,69.2,0
48,15,30,7,478,7,44.56,-0.139,-1.114,50,145,283,163,120,59.2,0
48,15,30,14,478,7,43.72,-0.120,-1.912,67,174,237,142,95,49.6,0
48,20,3,3,478,7,66.95,-0.361,2.960,283,32,163,37,126,34.1,1
48,20,3,7,478,7,75.94,-0.139,2.960,346,38,94,17,77,19.7,1
48,20,3,14,478,7,76.78,-0.259,2.960,356,41,81,11,70,16.9,1
48,20,5,3,478,7,61.72,-0.106,2.157,221,39,218,74,144,45.6,1
48,20,5,7,478,7,67.36,-0.004,4.960,283,50,145,39,106,30.3,1
48,20,5,14,478,7,69.04,-0.056,4.960,306,55,117,24,93,24.5,1
48,20,8,3,478,7,55.23,-0.556,0.645,156,61,261,108,153,54.6,2
48,20,8,7,478,7,59.00,-0.411,2.669,211,76,191,71,120,40.0,2
48,20,8,14,478,7,60.67,-0.434,5.180,232,83,163,58,105,34.1,2
48,20,10,3,478,7,53.14,-0.526,0.390,133,67,278,121,157,58.2,1
48,20,10,7,478,7,56.07,-0.418,1.506,177,82,219,91,128,45.8,1
48,20,10,14,478,7,57.95,-0.319,2.705,203,93,182,74,108,38.1,1
48,20,15,3,478,7,49.58,-0.573,-0.027,96,79,303,141,162,63.4,0
48,20,15,7,478,7,51.05,-0.608,0.279,123,100,255,121,134,53.3,0
48,20,15,14,478,7,52.30,-0.475,0.680,143,113,222,107,115,46.4,0
48,20,20,3,478,7,47.28,-0.854,-0.288,65,90,323,161,162,67.6,0
48,20,20,7,478,7,47.91,-0.888,-0.288,87,113,278,142,136,58.2,0
48,20,20,14,478,7,49.16,-0.671,-0.288,105,126,247,130,117,51.7,0
48,20,30,3,478,7,46.44,-0.689,-0.372,35,94,349,187,162,73.0,0
48,20,30,7,478,7,46.86,-0.380,-0.636,56,118,304,168,136,63.6,0
48,20,30,14,478,7,47.28,-0.087,-0.970,76,134,268,150,118,56.1,0
48,25,3,3,478,7,68.62,-0.173,2.960,291,21,166,37,129,34.7,0
48,25,3,7,478,7,77.82,0.040,2.960,354,27,97,18,79,20.3,0
48,25,3,14,478,7,78.66,-0.149,2.960,365,31,82,11,71,17.2,0
48,25,5,3,478,7,63.39,0.095,2.668,229,26,223,74,149,46.7,0
48,25,5,7,478,7,69.46,0.145,4.960,292,38,148,40,108,31.0,0
48,25,5,14,478,7,71.13,0.008,4.960,316,44,118,24,94,24.7,0
48,25,8,3,478,7,58.37,-0.008,1.143,168,39,271,111,160,56.7,0
48,25,8,7,478,7,62.76,0.085,4.619,228,55,195,72,123,40.8,0
48,25,8,14,478,7,64.44,0.004,7.960,250,62,166,58,108,34.7,0
48,25,10,3,478,7,56.69,0.136,0.848,146,43,289,125,164,60.5,0
48,25,10,7,478,7,60.25,0.233,2.715,196,59,223,92,131,46.7,0
48,25,10,14,478,7,62.34,0.343,5.413,223,68,187,75,112,39.1,0
48,25,15,3,478,7,52.72,0.017,0.323,106,54,318,146,172,66.5,0
48,25,15,7,478,7,55.02,-0.009,1.203,140,76,262,123,139,54.8,0
48,25,15,14,478,7,56.69,0.204,1.824,161,87,230,110,120,48.1,0
48,25,20,3,478,7,50.21,-0.445,0.010,69,66,343,171,172,71.8,0
48,25,20,7,478,7,51.67,-0.351,0.394,102,90,286,145,141,59.8,0
48,25,20,14,478,7,53.35,-0.048,0.818,121,101,256,134,122,53.6,0
48,25,30,3,478,7,49.37,-0.296,-0.060,36,70,372,200,172,77.8,0
48,25,30,7,478,7,50.42,0.235,0.088,65,95,318,176,142,66.5,0
48,25,30,14,478,7,51.26,0.626,0.259,89,110,279,156,123,58.4,0
48,30,3,3,478,7,69.25,-0.047,2.960,294,14,170,37,133,35.6,0
48,30,3,7,478,7,78.87,0.120,2.960,359,21,98,18,80,20.5,0
48,30,3,14,478,7,79.92,-0.059,2.960,371,25,82,11,71,17.2,0
48,30,5,3,478,7,64.23,0.254,2.840,233,18,227,74,153,47.5,0
48,30,5,7,478,7,70.92,0.278,4.960,299,30,149,40,109,31.2,0
48,30,5,14,478,7,72.59,0.124,4.960,323,35,120,24,96,25.1,0
48,30,8,3,478,7,59.41,0.197,1.349,172,28,278,112,166,58.2,0
48,30,8,7,478,7,64.85,0.331,5.450,237,43,198,73,125,41.4,0
48,30,8,14,478,7,66.53,0.214,7.960,260,50,168,58,110,35.1,0
48,30,10,3,478,7,57.74,0.305,0.982,149,32,297,127,170,62.1,0
48,30,10,7,478,7,62.34,0.458,3.325,204,47,227,94,133,47.5,0
48,30,10,14,478,7,64.44,0.565,6.594,233,55,190,75,115,39.7,0
48,30,15,3,478,7,53.77,0.073,0.430,108,43,327,149,178,68.4,0
48,30,15,7,478,7,56.90,0.074,1.589,147,63,268,125,143,56.1,0
48,30,15,14,478,7,58.58,0.260,2.621,169,74,235,111,124,49.2,0
48,30,20,3,478,7,51.67,-0.281,0.141,72,52,354,175,179,74.1,0
48,30,20,7,478,7,53.97,-0.174,0.870,109,75,294,149,145,61.5,0
48,30,20,14,478,7,55.65,0.150,1.569,130,86,262,136,126,54.8,0
48,30,30,3,478,7,50.63,-0.297,0.044,37,57,384,205,179,80.3,0
48,30,30,7,478,7,52.51,0.317,0.583,69,81,328,182,146,68.6,0
48,30,30,14,478,7,53.35,0.694,0.818,95,96,287,160,127,60.0,0
48,40,3,3,478,7,69.87,-0.057,2.960,297,10,171,37,134,35.8,0
48,40,3,7,478,7,79.71,0.173,2.960,363,13,102,18,84,21.3,0
48,40,3,14,478,7,80.96,0.037,2.960,376,16,86,11,75,18.0,0
48,40,5,3,478,7,64.64,0.173,2.937,235,13,230,74,156,48.1,0
48,40,5,7,478,7,71.76,0.310,4.960,303,18,157,40,117,32.8,0
48,40,5,14,478,7,74.06,0.372,4.960,329,21,128,25,103,26.8,0
48,40,8,3,478,7,60.04,0.041,1.425,175,21,282,112,170,59.0,0
48,40,8,7,478,7,66.11,0.306,7.960,242,29,207,74,133,43.3,0
48,40,8,14,478,7,68.62,0.568,7.960,269,32,177,59,118,37.0,0
48,40,10,3,478,7,59.00,0.376,1.163,154,22,302,128,174,63.2,0
48,40,10,7,478,7,64.02,0.663,4.007,211,30,237,95,142,49.6,0
48,40,10,14,478,7,67.15,1.165,9.960,245,34,199,76,123,41.6,0
48,40,15,3,478,7,54.81,-0.087,0.526,112,32,334,150,184,69.9,0
48,40,15,7,478,7,58.37,-0.098,2.012,153,47,278,126,152,58.2,0
48,40,15,14,478,7,61.09,0.540,3.276,180,53,245,112,133,51.3,0
48,40,20,3,478,7,52.93,-0.355,0.351,76,38,364,177,187,76.2,0
48,40,20,7,478,7,55.44,-0.534,1.266,114,58,306,151,155,64.0,0
48,40,20,14,478,7,58.16,0.295,2.156,141,65,272,137,135,56.9,0
48,40,30,3,478,7,51.88,-0.349,0.188,40,41,397,208,189,83.1,0
48,40,30,7,478,7,53.97,-0.061,0.870,73,63,342,185,157,71.5,0
48,40,30,14,478,7,55.65,0.679,1.480,102,75,301,164,137,63.0,0
48,50,3,3,478,7,70.08,-0.068,2.960,298,7,173,37,136,36.2,0
48,50,3,7,478,7,80.13,0.123,2.960,365,11,102,18,84,21.3,0
48,50,3,14,478,7,81.38,-0.076,2.960,378,14,86,11,75,18.0,0
48,50,5,3,478,7,64.85,0.197,2.937,235,9,234,75,159,49.0,0
48,50,5,7,478,7,72.38,0.320,4.960,306,14,158,40,118,33.1,0
48,50,5,14,478,7,74.69,0.324,4.960,332,17,129,25,104,27.0,0
48,50,8,3,478,7,60.46,0.040,1.490,176,15,287,113,174,60.0,0
48,50,8,7,478,7,66.95,0.251,7.960,246,23,209,74,135,43.7,0
48,50,8,14,478,7,69.67,0.551,7.960,274,26,178,59,119,37.2,0
48,50,10,3,478,7,59.41,0.358,1.260,155,16,307,129,178,64.2,0
48,50,10,7,478,7,64.85,0.604,4.196,215,24,239,95,144,50.0,0
48,50,10,14,478,7,68.20,1.156,9.960,250,27,201,76,125,42.1,0
48,50,15,3,478,7,55.65,-0.062,0.615,114,24,340,152,188,71.1,0
48,50,15,7,478,7,59.41,-0.201,2.225,158,38,282,126,156,59.0,0
48,50,15,14,478,7,62.55,0.636,4.283,187,42,249,112,137,52.1,0
48,50,20,3,478,7,53.77,-0.447,0.430,77,30,371,180,191,77.6,0
48,50,20,7,478,7,56.07,-0.853,1.491,117,48,313,151,162,65.5,0
48,50,20,14,478,7,59.41,0.117,2.664,145,54,279,139,140,58.4,0
48,50,30,3,478,7,52.72,-0.511,0.323,40,33,405,212,193,84.7,0
48,50,30,7,478,7,54.39,-0.632,1.037,74,54,350,186,164,73.2,0
48,50,30,14,478,7,56.69,0.228,1.606,103,64,311,168,143,65.1,0
72,10,3,3,471,14,64.97,-0.037,2.960,271,64,136,35,101,28.9,5
72,10,3,7,471,14,69.85,-0.072,2.960,321,84,66,8,58,14.0,5
72,10,3,14,471,14,70.70,-0.191,2.960,326,93,52,7,45,11.0,5
72,10,5,3,471,14,58.39,0.100,1.415,202,81,188,73,115,39.9,4
72,10,5,7,471,14,60.93,0.124,4.960,258,105,108,29,79,22.9,4
72,10,5,14,471,14,61.36,-0.067,4.960,268,120,83,21,62,17.6,4
72,10,8,3,471,14,50.96,-0.082,0.104,139,106,226,101,125,48.0,3
72,10,8,7,471,14,52.02,-0.068,0.752,186,141,144,59,85,30.6,3
72,10,8,14,471,14,50.96,-0.273,0.193,203,160,108,37,71,22.9,3
72,10,10,3,471,14,47.98,-0.147,-0.126,115,117,239,111,128,50.7,3
72,10,10,7,471,14,49.04,-0.056,-0.224,153,154,164,78,86,34.8,3
72,10,10,14,471,14,47.13,-0.218,-0.629,174,175,122,48,74,25.9,3
72,10,15,3,471,14,44.59,-0.155,-0.509,74,131,266,136,130,56.5,2
72,10,15,7,471,14,45.22,0.128,-0.949,100,169,202,113,89,42.9,2
72,10,15,14,471,14,41.83,-0.230,-2.160,115,196,160,82,78,34.0,3
72,10,20,3,471,14,43.31,0.052,-0.737,58,136,277,146,131,58.8,0
72,10,20,7,471,14,43.52,0.440,-1.551,76,175,220,129,91,46.7,0
72,10,20,14,471,14,40.13,0.176,-2.891,91,203,177,98,79,37.6,1
72,10,30,3,471,14,41.40,0.016,-1.026,31,145,295,164,131,62.6,0
72,10,30,7,471,14,41.61,0.720,-1.893,45,184,242,151,91,51.4,0
72,10,30,14,471,14,37.37,0.440,-4.406,59,215,197,117,80,41.8,0
72,15,3,3,471,14,68.15,0.057,2.960,285,38,148,36,112,31.4,1
72,15,3,7,471,14,73.89,0.098,2.960,340,46,85,8,77,18.0,1
72,15,3,14,471,14,75.58,-0.027,2.960,348,55,68,8,60,14.4,1
72,15,5,3,471,14,61.57,0.199,1.994,215,48,208,75,133,44.2,1
72,15,5,7,471,14,65.18,0.252,4.960,278,63,130,29,101,27.6,1
72,15,5,14,471,14,66.88,0.113,4.960,292,73,106,23,83,22.5,1
72,15,8,3,471,14,54.56,-0.051,0.568,153,70,248,104,144,52.7,1
72,15,8,7,471,14,56.48,-0.072,1.858,206,93,172,60,112,36.5,1
72,15,8,14,471,14,56.69,-0.312,3.226,225,110,136,42,94,28.9,1
72,15,10,3,471,14,52.02,-0.088,0.193,129,78,264,116,148,56.1,1
72,15,10,7,471,14,53.72,-0.049,1.048,174,104,193,79,114,41.0,1
72,15,10,14,471,14,52.87,-0.285,0.883,196,123,152,53,99,32.3,1
72,15,15,3,471,14,48.83,-0.064,-0.040,87,90,294,143,151,62.4,1
72,15,15,7,471,14,50.11,0.183,0.022,117,117,237,119,118,50.3,1
72,15,15,14,471,14,48.20,-0.077,-0.497,138,138,195,89,106,41.4,1
72,15,20,3,471,14,47.35,0.072,-0.173,66,96,309,157,152,65.6,0
72,15,20,7,471,14,47.98,0.379,-0.384,88,125,258,138,120,54.8,0
72,15,20,14,471,14,45.86,0.128,-0.971,105,148,218,111,107,46.3,0
72,15,30,3,471,14,46.07,0.252,-0.342,36,101,334,181,153,70.9,0
72,15,30,7,471,14,46.71,0.990,-0.614,57,131,283,163,120,60.1,0
72,15,30,14,471,14,43.31,0.657,-1.684,74,159,238,130,108,50.5,0
72,20,3,3,471,14,69.43,0.037,2.960,291,27,153,36,117,32.5,1
72,20,3,7,471,14,75.80,0.089,2.960,349,33,89,8,81,18.9,1
72,20,3,14,471,14,77.49,0.060,2.960,357,37,77,8,69,16.3,1
72,20,5,3,471,14,63.48,0.292,2.646,224,33,214,75,139,45.4,1
72,20,5,7,471,14,67.30,0.154,4.960,288,49,134,29,105,28.5,1
72,20,5,14,471,14,69.00,0.101,4.960,302,54,115,23,92,24.4,1
72,20,8,3,471,14,56.26,-0.052,0.766,160,51,260,105,155,55.2,1
72,20,8,7,471,14,59.02,-0.141,3.184,218,70,183,60,123,38.9,1
72,20,8,14,471,14,59.66,-0.261,7.960,239,82,150,42,108,31.8,1
72,20,10,3,471,14,53.72,-0.147,0.436,135,58,278,118,160,59.0,1
72,20,10,7,471,14,56.69,-0.067,1.836,187,79,205,80,125,43.5,1
72,20,10,14,471,14,56.48,-0.121,2.853,213,92,166,53,113,35.2,1
72,20,15,3,471,14,50.53,-0.186,0.074,93,70,308,145,163,65.4,1
72,20,15,7,471,14,53.08,0.133,0.817,128,91,252,122,130,53.5,1
72,20,15,14,471,14,51.38,-0.072,0.272,150,108,213,92,121,45.2,1
72,20,20,3,471,14,48.62,-0.186,-0.040,70,77,324,159,165,68.8,0
72,20,20,7,471,14,50.53,0.147,0.170,95,101,275,143,132,58.4,0
72,20,20,14,471,14,48.41,-0.091,-0.372,113,119,239,115,124,50.7,0
72,20,30,3,471,14,47.35,0.051,-0.173,39,81,351,184,167,74.5,0
72,20,30,7,471,14,49.04,0.737,-0.197,63,108,300,168,132,63.7,0
72,20,30,14,471,14,45.65,0.395,-0.971,81,130,260,134,126,55.2,0
72,25,3,3,471,14,70.28,0.125,2.960,295,17,159,36,123,33.8,0
72,25,3,7,471,14,76.86,0.154,2.960,354,23,94,8,86,20.0,0
72,25,3,14,471,14,78.98,0.143,2.960,364,26,81,8,73,17.2,0
72,25,5,3,471,14,64.54,0.397,3.095,229,22,220,75,145,46.7,0
72,25,5,7,471,14,68.58,0.183,4.960,294,36,141,29,112,29.9,0
72,25,5,14,471,14,70.91,0.186,4.960,311,40,120,23,97,25.5,0
72,25,8,3,471,14,57.54,0.025,1.070,165,36,270,106,164,57.3,0
72,25,8,7,471,14,60.72,-0.135,4.677,226,54,191,60,131,40.6,0
72,25,8,14,471,14,62.21,-0.154,7.960,247,61,163,46,117,34.6,0
72,25,10,3,471,14,54.99,-0.084,0.600,140,42,289,119,170,61.4,0
72,25,10,7,471,14,58.60,-0.063,2.602,195,62,214,81,133,45.4,0
72,25,10,14,471,14,59.24,-0.012,4.677,222,70,179,57,122,38.0,0
72,25,15,3,471,14,51.80,-0.163,0.156,97,53,321,147,174,68.2,0
72,25,15,7,471,14,54.99,0.062,1.115,134,74,263,125,138,55.8,0
72,25,15,14,471,14,54.14,-0.035,1.098,158,85,228,97,131,48.4,0
72,25,20,3,471,14,49.89,-0.194,-0.040,74,60,337,161,176,71.5,0
72,25,20,7,471,14,52.44,0.054,0.752,101,83,287,146,141,60.9,0
72,25,20,14,471,14,51.17,-0.039,0.217,121,95,255,120,135,54.1,0
72,25,30,3,471,14,48.62,0.081,-0.040,42,63,366,187,179,77.7,0
72,25,30,7,471,14,51.17,0.744,0.374,67,89,315,174,141,66.9,0
72,25,30,14,471,14,48.62,0.559,-0.323,88,105,278,141,137,59.0,0
72,30,3,3,471,14,71.13,0.256,2.960,299,12,160,36,124,34.0,0
72,30,3,7,471,14,78.13,0.373,2.960,360,15,96,8,88,20.4,0
72,30,3,14,471,14,80.68,0.458,2.960,372,17,82,8,74,17.4,0
72,30,5,3,471,14,65.82,0.640,4.441,235,15,221,75,146,46.9,0
72,30,5,7,471,14,70.49,0.545,4.960,303,23,145,29,116,30.8,0
72,30,5,14,471,14,73.25,0.666,4.960,322,27,122,23,99,25.9,0
72,30,8,3,471,14,58.39,-0.003,1.145,169,31,271,106,165,57.5,0
72,30,8,7,471,14,62.00,-0.107,5.228,232,43,196,60,136,41.6,0
72,30,8,14,471,14,64.33,0.115,7.960,256,48,167,47,120,35.5,0
72,30,10,3,471,14,55.63,-0.159,0.656,143,36,292,119,173,62.0,0
72,30,10,7,471,14,59.87,-0.047,3.071,201,50,220,81,139,46.7,0
72,30,10,14,471,14,61.57,0.279,6.692,231,56,184,59,125,39.1,0
72,30,15,3,471,14,52.44,-0.253,0.265,98,44,329,149,180,69.9,0
72,30,15,7,471,14,56.48,0.142,1.692,140,60,271,126,145,57.5,0
72,30,15,14,471,14,57.11,0.467,2.188,168,67,236,101,135,50.1,0
72,30,20,3,471,14,50.74,-0.281,0.086,74,50,347,165,182,73.7,0
72,30,20,7,471,14,53.93,0.081,1.048,105,69,297,149,148,63.1,0
72,30,20,14,471,14,54.14,0.454,1.052,130,77,264,125,139,56.1,0
72,30,30,3,471,14,49.47,-0.038,-0.040,42,53,376,191,185,79.8,0
72,30,30,7,471,14,52.65,0.769,0.752,70,75,326,178,148,69.2,0
72,30,30,14,471,14,51.38,1.016,0.272,92,87,292,150,142,62.0,0
72,40,3,3,471,14,71.34,0.113,2.960,300,10,161,36,125,34.2,0
72,40,3,7,471,14,78.56,0.237,2.960,362,13,96,8,88,20.4,0
72,40,3,14,471,14,81.10,0.355,2.960,374,14,83,8,75,17.6,0
72,40,5,3,471,14,66.24,0.608,4.960,237,11,223,75,148,47.3,0
72,40,5,7,471,14,71.34,0.490,4.960,307,17,147,29,118,31.2,0
72,40,5,14,471,14,74.31,0.774,4.960,327,19,125,23,102,26.5,0
72,40,8,3,471,14,59.45,0.177,1.401,174,19,278,106,172,59.0,0
72,40,8,7,471,14,64.33,0.219,7.960,243,29,199,60,139,42.3,0
72,40,8,14,471,14,66.88,0.593,7.960,268,32,171,47,124,36.3,0
72,40,10,3,471,14,56.69,-0.076,0.786,147,24,300,120,180,63.7,0
72,40,10,7,471,14,62.21,0.247,4.125,212,35,224,81,143,47.6,0
72,40,10,14,471,14,64.33,0.744,9.960,244,39,188,59,129,39.9,0
72,40,15,3,471,14,53.72,-0.132,0.406,100,29,342,153,189,72.6,0
72,40,15,7,471,14,58.60,0.318,2.401,149,44,278,127,151,59.0,0
72,40,15,14,471,14,59.87,0.962,3.365,180,48,243,102,141,51.6,0
72,40,20,3,471,14,52.02,-0.266,0.193,76,35,360,169,191,76.4,0
72,40,20,7,471,14,56.05,0.083,1.393,111,53,307,153,154,65.2,0
72,40,20,14,471,14,56.90,0.863,1.738,141,57,273,127,146,58.0,0
72,40,30,3,471,14,50.53,-0.129,0.074,42,38,391,196,195,83.0,0
72,40,30,7,471,14,54.56,0.488,1.052,72,60,339,185,154,72.0,0
72,40,30,14,471,14,53.50,0.988,0.803,97,68,306,155,151,65.0,0
72,50,3,3,471,14,71.76,0.126,2.960,302,8,161,36,125,34.2,0
72,50,3,7,471,14,78.98,0.209,2.960,364,10,97,8,89,20.6,0
72,50,3,14,471,14,81.53,0.353,2.960,376,11,84,8,76,17.8,0
72,50,5,3,471,14,66.67,0.608,4.960,239,9,223,75,148,47.3,0
72,50,5,7,471,14,71.76,0.474,4.960,309,12,150,29,121,31.8,0
72,50,5,14,471,14,74.95,0.838,4.960,330,14,127,23,104,27.0,0
72,50,8,3,471,14,59.87,0.121,1.415,176,16,279,106,173,59.2,0
72,50,8,7,471,14,64.97,0.153,7.960,246,22,203,60,143,43.1,0
72,50,8,14,471,14,67.52,0.470,7.960,271,26,174,47,127,36.9,0
72,50,10,3,471,14,57.32,-0.051,0.833,150,19,302,120,182,64.1,0
72,50,10,7,471,14,63.06,0.245,4.856,216,26,229,81,148,48.6,0
72,50,10,14,471,14,65.18,0.641,9.960,248,31,192,59,133,40.8,0
72,50,15,3,471,14,54.14,-0.232,0.436,102,24,345,153,192,73.2,0
72,50,15,7,471,14,59.45,0.242,2.602,152,34,285,128,157,60.5,0
72,50,15,14,471,14,60.93,0.849,3.755,185,39,247,102,145,52.4,0
72,50,20,3,471,14,52.44,-0.301,0.265,78,28,365,169,196,77.5,0
72,50,20,7,471,14,57.32,0.088,1.817,114,41,316,156,160,67.1,0
72,50,20,14,471,14,58.39,0.893,2.369,147,46,278,128,150,59.0,0
72,50,30,3,471,14,51.38,-0.023,0.130,42,29,400,200,200,84.9,0
72,50,30,7,471,14,56.05,0.591,1.338,74,46,351,190,161,74.5,0
72,50,30,14,471,14,55.41,1.151,1.360,102,55,314,159,155,66.7,0